{
  "dataset_info": {
    "split": "val",
    "total_questions": 94,
    "successful_evaluations": 94,
    "failed_evaluations": 0,
    "timestamp": "2026-02-15T12:07:54.155777"
  },
  "configuration": {
    "alpha": 0.3,
    "enable_curation": false,
    "enable_attribution": false,
    "quality_threshold": 0.1,
    "local_k": 50,
    "final_k": 10
  },
  "statistics": {
    "retrieval": {
      "recall@5": {
        "mean": 0.5106382978723404,
        "std": 0.49988681380726513,
        "median": 1.0,
        "min": 0.0,
        "max": 1.0,
        "count": 94
      },
      "recall@10": {
        "mean": 0.5106382978723404,
        "std": 0.49988681380726513,
        "median": 1.0,
        "min": 0.0,
        "max": 1.0,
        "count": 94
      },
      "precision@5": {
        "mean": 0.17872340425531913,
        "std": 0.23423589692804908,
        "median": 0.2,
        "min": 0.0,
        "max": 1.2,
        "count": 94
      },
      "precision@10": {
        "mean": 0.08936170212765956,
        "std": 0.11711794846402454,
        "median": 0.1,
        "min": 0.0,
        "max": 0.6,
        "count": 94
      },
      "f1@5": {
        "mean": 0.24868748271223212,
        "std": 0.2818715143410463,
        "median": 0.3333333333055556,
        "min": 0.0,
        "max": 1.090909090859504,
        "count": 94
      },
      "f1@10": {
        "mean": 0.14558225461281654,
        "std": 0.1736227425461178,
        "median": 0.18181818180165288,
        "min": 0.0,
        "max": 0.7499999999531249,
        "count": 94
      },
      "mAP": {
        "mean": 0.27700270178993586,
        "std": 0.3652396145928335,
        "median": 0.1,
        "min": 0.0,
        "max": 1.0,
        "count": 94
      },
      "nDCG@5": {
        "mean": 0.27509601706247644,
        "std": 0.3816808659417961,
        "median": 0.0,
        "min": 0.0,
        "max": 1.0,
        "count": 94
      },
      "nDCG@10": {
        "mean": 0.340036177398521,
        "std": 0.3838803218006643,
        "median": 0.2890648263178879,
        "min": 0.0,
        "max": 1.0,
        "count": 94
      },
      "iou": {
        "mean": 0.07678437044971405,
        "std": 0.07153061773942387,
        "median": 0.062248627018639854,
        "min": 0.0,
        "max": 0.29679420889348496,
        "count": 94
      },
      "temporal_precision": {
        "mean": 0.18756254922484653,
        "std": 0.20875488847997656,
        "median": 0.11485161509315539,
        "min": 0.0,
        "max": 0.933070866141733,
        "count": 94
      },
      "temporal_recall": {
        "mean": 0.14136875269591284,
        "std": 0.14554324808070637,
        "median": 0.1085818624467437,
        "min": 0.0,
        "max": 0.82,
        "count": 94
      },
      "temporal_f1": {
        "mean": 0.13481511931437826,
        "std": 0.11781135685266898,
        "median": 0.11720004523351797,
        "min": 0.0,
        "max": 0.45773524720893133,
        "count": 94
      },
      "correct_video_rate": 0.851063829787234
    },
    "curation": {
      "pass_rate": {
        "mean": 0.0,
        "std": 0.0,
        "median": 0.0,
        "min": 0.0,
        "max": 0.0,
        "count": 94
      },
      "reduction_rate": {
        "mean": 0.0,
        "std": 0.0,
        "median": 0.0,
        "min": 0.0,
        "max": 0.0,
        "count": 94
      },
      "avg_conflicts": {
        "mean": 0.0,
        "std": 0.0,
        "median": 0.0,
        "min": 0.0,
        "max": 0.0,
        "count": 94
      }
    },
    "generation": {
      "success_rate": 1.0,
      "confidence": {
        "mean": 0.47650277658699447,
        "std": 0.30671933958909775,
        "median": 0.615568303440339,
        "min": 0.0,
        "max": 0.8250814570177546,
        "count": 94
      },
      "answer_length_words": {
        "mean": 105.64893617021276,
        "std": 60.55096454540509,
        "median": 143.5,
        "min": 20.0,
        "max": 184.0,
        "count": 94
      },
      "cost": {
        "mean": 0.00014294202127659573,
        "std": 9.989817749684444e-05,
        "median": 0.0002064,
        "min": 0.0,
        "max": 0.00023715,
        "count": 94
      },
      "tokens_used": {
        "mean": 539.5212765957447,
        "std": 342.56888509709717,
        "median": 765.0,
        "min": 0.0,
        "max": 831.0,
        "count": 94
      }
    },
    "timing": {
      "search_time": {
        "mean": 0.4223879829366156,
        "std": 0.33780178267059596,
        "median": 0.3925579786300659,
        "min": 0.1257777214050293,
        "max": 2.5306172370910645,
        "count": 94
      },
      "generation_time": {
        "mean": 2.553008442229413,
        "std": 2.031918343232284,
        "median": 3.5566251277923584,
        "min": 8.082389831542969e-05,
        "max": 5.4790198802948,
        "count": 94
      },
      "total_time": {
        "mean": 2.9753964251660285,
        "std": 2.0810414471681677,
        "median": 3.998021364212036,
        "min": 0.1346757411956787,
        "max": 5.997901201248169,
        "count": 94
      }
    }
  },
  "errors": []
}