{
  "dataset_info": {
    "split": "test",
    "total_questions": 102,
    "successful_evaluations": 102,
    "failed_evaluations": 0,
    "timestamp": "2026-02-15T12:08:55.768293"
  },
  "configuration": {
    "alpha": 0.3,
    "enable_curation": false,
    "enable_attribution": false,
    "quality_threshold": 0.1,
    "local_k": 50,
    "final_k": 10
  },
  "statistics": {
    "retrieval": {
      "recall@5": {
        "mean": 0.6176470588235294,
        "std": 0.4859621071134796,
        "median": 1.0,
        "min": 0.0,
        "max": 1.0,
        "count": 102
      },
      "recall@10": {
        "mean": 0.6176470588235294,
        "std": 0.4859621071134796,
        "median": 1.0,
        "min": 0.0,
        "max": 1.0,
        "count": 102
      },
      "precision@5": {
        "mean": 0.2235294117647058,
        "std": 0.23646766167343272,
        "median": 0.2,
        "min": 0.0,
        "max": 1.0,
        "count": 102
      },
      "precision@10": {
        "mean": 0.1117647058823529,
        "std": 0.11823383083671636,
        "median": 0.1,
        "min": 0.0,
        "max": 0.5,
        "count": 102
      },
      "f1@5": {
        "mean": 0.31084656082444717,
        "std": 0.28773735921253807,
        "median": 0.3333333333055556,
        "min": 0.0,
        "max": 0.99999999995,
        "count": 102
      },
      "f1@10": {
        "mean": 0.18231441759354028,
        "std": 0.17745167373557214,
        "median": 0.18181818180165288,
        "min": 0.0,
        "max": 0.6666666666222222,
        "count": 102
      },
      "mAP": {
        "mean": 0.2766213429816371,
        "std": 0.3501750704886047,
        "median": 0.13392857142857142,
        "min": 0.0,
        "max": 1.0,
        "count": 102
      },
      "nDCG@5": {
        "mean": 0.24829057549778286,
        "std": 0.3790678375037674,
        "median": 0.0,
        "min": 0.0,
        "max": 1.0,
        "count": 102
      },
      "nDCG@10": {
        "mean": 0.36370535003834137,
        "std": 0.3592951781855295,
        "median": 0.32439910505953107,
        "min": 0.0,
        "max": 1.0,
        "count": 102
      },
      "iou": {
        "mean": 0.0904119842372186,
        "std": 0.08353810307414594,
        "median": 0.07494588341710672,
        "min": 0.0,
        "max": 0.403481012658228,
        "count": 102
      },
      "temporal_precision": {
        "mean": 0.2034419647708466,
        "std": 0.1987834053048538,
        "median": 0.15792704720552816,
        "min": 0.0,
        "max": 0.7758620689655179,
        "count": 102
      },
      "temporal_recall": {
        "mean": 0.15371696620650338,
        "std": 0.14164729503975124,
        "median": 0.13947333916083957,
        "min": 0.0,
        "max": 0.5749999999999993,
        "count": 102
      },
      "temporal_f1": {
        "mean": 0.1556224899595884,
        "std": 0.13383398545973213,
        "median": 0.13944100061889228,
        "min": 0.0,
        "max": 0.5749718151071027,
        "count": 102
      },
      "correct_video_rate": 0.9215686274509803
    },
    "curation": {
      "pass_rate": {
        "mean": 0.0,
        "std": 0.0,
        "median": 0.0,
        "min": 0.0,
        "max": 0.0,
        "count": 102
      },
      "reduction_rate": {
        "mean": 0.0,
        "std": 0.0,
        "median": 0.0,
        "min": 0.0,
        "max": 0.0,
        "count": 102
      },
      "avg_conflicts": {
        "mean": 0.0,
        "std": 0.0,
        "median": 0.0,
        "min": 0.0,
        "max": 0.0,
        "count": 102
      }
    },
    "generation": {
      "success_rate": 1.0,
      "confidence": {
        "mean": 0.48973024673589033,
        "std": 0.28719105662252514,
        "median": 0.5624864015005804,
        "min": 0.0,
        "max": 0.8366073805207221,
        "count": 102
      },
      "answer_length_words": {
        "mean": 102.26470588235294,
        "std": 62.307574598635085,
        "median": 143.5,
        "min": 19.0,
        "max": 186.0,
        "count": 102
      },
      "cost": {
        "mean": 0.00014489117647058822,
        "std": 9.367914928296809e-05,
        "median": 0.0002031,
        "min": 0.0,
        "max": 0.00023775,
        "count": 102
      },
      "tokens_used": {
        "mean": 565.4411764705883,
        "std": 317.3248342965943,
        "median": 755.5,
        "min": 0.0,
        "max": 835.0,
        "count": 102
      }
    },
    "timing": {
      "search_time": {
        "mean": 0.43423333588768454,
        "std": 0.3698339415323827,
        "median": 0.3843330144882202,
        "min": 0.13132381439208984,
        "max": 2.548135280609131,
        "count": 102
      },
      "generation_time": {
        "mean": 2.5544124046961465,
        "std": 2.0050569394223596,
        "median": 3.3377015590667725,
        "min": 8.58306884765625e-05,
        "max": 6.32776403427124,
        "count": 102
      },
      "total_time": {
        "mean": 2.988645740583831,
        "std": 2.0332795796807592,
        "median": 3.5796406269073486,
        "min": 0.15239787101745605,
        "max": 6.99843692779541,
        "count": 102
      }
    }
  },
  "errors": []
}