{
  "dataset_info": {
    "split": "test",
    "total_questions": 102,
    "successful_evaluations": 102,
    "failed_evaluations": 0,
    "timestamp": "2026-01-10T15:00:14.010909"
  },
  "configuration": {
    "alpha": 0.3,
    "enable_curation": true,
    "enable_attribution": true,
    "quality_threshold": 0.1,
    "local_k": 50,
    "final_k": 10
  },
  "statistics": {
    "retrieval": {
      "recall@5": {
        "mean": 0.6470588235294118,
        "std": 0.4778846120374095,
        "median": 1.0,
        "min": 0.0,
        "max": 1.0,
        "count": 102
      },
      "recall@10": {
        "mean": 0.6470588235294118,
        "std": 0.4778846120374095,
        "median": 1.0,
        "min": 0.0,
        "max": 1.0,
        "count": 102
      },
      "precision@5": {
        "mean": 0.15686274509803919,
        "std": 0.13612984280556695,
        "median": 0.2,
        "min": 0.0,
        "max": 0.6,
        "count": 102
      },
      "precision@10": {
        "mean": 0.07843137254901959,
        "std": 0.06806492140278347,
        "median": 0.1,
        "min": 0.0,
        "max": 0.3,
        "count": 102
      },
      "f1@5": {
        "mean": 0.24778244629216314,
        "std": 0.2006692206480894,
        "median": 0.3333333333055556,
        "min": 0.0,
        "max": 0.7499999999531249,
        "count": 102
      },
      "f1@10": {
        "mean": 0.13821472643781596,
        "std": 0.11503961458801237,
        "median": 0.18181818180165288,
        "min": 0.0,
        "max": 0.4615384615029585,
        "count": 102
      },
      "mAP": {
        "mean": 0.3961251167133521,
        "std": 0.4032463409511524,
        "median": 0.25,
        "min": 0.0,
        "max": 1.0,
        "count": 102
      },
      "nDCG@5": {
        "mean": 0.41873673041520904,
        "std": 0.4199400434697747,
        "median": 0.38685280723454163,
        "min": 0.0,
        "max": 1.0,
        "count": 102
      },
      "nDCG@10": {
        "mean": 0.4603962298181153,
        "std": 0.401869172923302,
        "median": 0.43067655807339306,
        "min": 0.0,
        "max": 1.0,
        "count": 102
      },
      "iou": {
        "mean": 0.07508506544848693,
        "std": 0.07032776999963898,
        "median": 0.05640373021881039,
        "min": 0.0,
        "max": 0.2668444693992141,
        "count": 102
      },
      "temporal_precision": {
        "mean": 0.18342603888477435,
        "std": 0.18022738879057879,
        "median": 0.12606509613039393,
        "min": 0.0,
        "max": 0.8004210526315787,
        "count": 102
      },
      "temporal_recall": {
        "mean": 0.1254400160801515,
        "std": 0.12295070401230683,
        "median": 0.09399646330680844,
        "min": 0.0,
        "max": 0.5094117647058826,
        "count": 102
      },
      "temporal_f1": {
        "mean": 0.13208358718715643,
        "std": 0.11642902585166656,
        "median": 0.10678195649877945,
        "min": 0.0,
        "max": 0.421274238227147,
        "count": 102
      },
      "correct_video_rate": 0.9607843137254902
    },
    "curation": {
      "pass_rate": {
        "mean": 0.9598039215686275,
        "std": 0.13229483110674614,
        "median": 1.0,
        "min": 0.3,
        "max": 1.0,
        "count": 102
      },
      "reduction_rate": {
        "mean": 0.8549019607843141,
        "std": 0.05169186794691791,
        "median": 0.9,
        "min": 0.7,
        "max": 0.9,
        "count": 102
      },
      "avg_conflicts": {
        "mean": 3.2549019607843137,
        "std": 3.4262146107644464,
        "median": 2.0,
        "min": 0.0,
        "max": 16.0,
        "count": 102
      }
    },
    "generation": {
      "success_rate": 1.0,
      "confidence": {
        "mean": 0.31810060582119404,
        "std": 0.15222456948515217,
        "median": 0.3,
        "min": 0.0,
        "max": 0.7857142857142857,
        "count": 102
      },
      "answer_length_words": {
        "mean": 120.93137254901961,
        "std": 68.60704528561183,
        "median": 162.0,
        "min": 20.0,
        "max": 195.0,
        "count": 102
      },
      "cost": {
        "mean": 0.00015825735294117647,
        "std": 6.000990130601604e-05,
        "median": 0.000194475,
        "min": 6.555e-05,
        "max": 0.00023024999999999999,
        "count": 102
      },
      "tokens_used": {
        "mean": 559.9607843137255,
        "std": 115.46333953188537,
        "median": 584.5,
        "min": 365.0,
        "max": 806.0,
        "count": 102
      }
    },
    "timing": {
      "search_time": {
        "mean": 0.16113523174734676,
        "std": 0.1339777689506642,
        "median": 0.1467825174331665,
        "min": 0.10721206665039062,
        "max": 1.456470012664795,
        "count": 102
      },
      "generation_time": {
        "mean": 7.550506531023512,
        "std": 2.6064266178354787,
        "median": 8.434308409690857,
        "min": 3.4380149841308594,
        "max": 12.852598190307617,
        "count": 102
      },
      "total_time": {
        "mean": 7.711641762770858,
        "std": 2.5978535435661216,
        "median": 8.585062503814697,
        "min": 3.5521769523620605,
        "max": 13.011004209518433,
        "count": 102
      }
    }
  },
  "errors": []
}