{
  "dataset_info": {
    "split": "val",
    "total_questions": 94,
    "successful_evaluations": 94,
    "failed_evaluations": 0,
    "timestamp": "2026-01-10T15:25:10.196173"
  },
  "configuration": {
    "alpha": 0.3,
    "enable_curation": true,
    "enable_attribution": true,
    "quality_threshold": 0.1,
    "local_k": 50,
    "final_k": 10
  },
  "statistics": {
    "retrieval": {
      "recall@5": {
        "mean": 0.7127659574468085,
        "std": 0.45247170889652644,
        "median": 1.0,
        "min": 0.0,
        "max": 1.0,
        "count": 94
      },
      "recall@10": {
        "mean": 0.7127659574468085,
        "std": 0.45247170889652644,
        "median": 1.0,
        "min": 0.0,
        "max": 1.0,
        "count": 94
      },
      "precision@5": {
        "mean": 0.17446808510638295,
        "std": 0.14942170098791013,
        "median": 0.2,
        "min": 0.0,
        "max": 0.8,
        "count": 94
      },
      "precision@10": {
        "mean": 0.08723404255319148,
        "std": 0.07471085049395507,
        "median": 0.1,
        "min": 0.0,
        "max": 0.4,
        "count": 94
      },
      "f1@5": {
        "mean": 0.27199425867491583,
        "std": 0.20148222157090076,
        "median": 0.3333333333055556,
        "min": 0.0,
        "max": 0.8888888888395062,
        "count": 94
      },
      "f1@10": {
        "mean": 0.152337024664087,
        "std": 0.11917850725314619,
        "median": 0.18181818180165288,
        "min": 0.0,
        "max": 0.5714285713877552,
        "count": 94
      },
      "mAP": {
        "mean": 0.4633295339412361,
        "std": 0.4164445932890655,
        "median": 0.3583333333333333,
        "min": 0.0,
        "max": 1.0,
        "count": 94
      },
      "nDCG@5": {
        "mean": 0.48413114194373,
        "std": 0.427912641042301,
        "median": 0.5,
        "min": 0.0,
        "max": 1.0,
        "count": 94
      },
      "nDCG@10": {
        "mean": 0.5265619618120053,
        "std": 0.40272883948376464,
        "median": 0.5254047970020512,
        "min": 0.0,
        "max": 1.0,
        "count": 94
      },
      "iou": {
        "mean": 0.08098422107992624,
        "std": 0.08079774501921273,
        "median": 0.057016577154001,
        "min": 0.0,
        "max": 0.3518352730528202,
        "count": 94
      },
      "temporal_precision": {
        "mean": 0.20037860611395386,
        "std": 0.20275024696086336,
        "median": 0.12448092060409488,
        "min": 0.0,
        "max": 0.9808510638297877,
        "count": 94
      },
      "temporal_recall": {
        "mean": 0.13542031608430644,
        "std": 0.13994980889694708,
        "median": 0.09414655550680082,
        "min": 0.0,
        "max": 0.7980000000000018,
        "count": 94
      },
      "temporal_f1": {
        "mean": 0.14026067634025868,
        "std": 0.12851647614074238,
        "median": 0.10788205052928093,
        "min": 0.0,
        "max": 0.5205298013245034,
        "count": 94
      },
      "correct_video_rate": 0.9468085106382979
    },
    "curation": {
      "pass_rate": {
        "mean": 0.9819148936170212,
        "std": 0.10413040714927507,
        "median": 1.0,
        "min": 0.2,
        "max": 1.0,
        "count": 94
      },
      "reduction_rate": {
        "mean": 0.8595744680851065,
        "std": 0.05119663581070622,
        "median": 0.9,
        "min": 0.7,
        "max": 0.9,
        "count": 94
      },
      "avg_conflicts": {
        "mean": 3.9468085106382977,
        "std": 3.085198091080079,
        "median": 4.0,
        "min": 0.0,
        "max": 16.0,
        "count": 94
      }
    },
    "generation": {
      "success_rate": 1.0,
      "confidence": {
        "mean": 0.37608675308143386,
        "std": 0.14875314789067956,
        "median": 0.3,
        "min": 0.0,
        "max": 0.7428571428571429,
        "count": 94
      },
      "answer_length_words": {
        "mean": 117.52127659574468,
        "std": 68.66798453790501,
        "median": 160.5,
        "min": 21.0,
        "max": 193.0,
        "count": 94
      },
      "cost": {
        "mean": 0.0001564037234042553,
        "std": 6.387567347330418e-05,
        "median": 0.00019575,
        "min": 6.48e-05,
        "max": 0.00022094999999999998,
        "count": 94
      },
      "tokens_used": {
        "mean": 550.2127659574468,
        "std": 128.8559208871235,
        "median": 589.0,
        "min": 357.0,
        "max": 777.0,
        "count": 94
      }
    },
    "timing": {
      "search_time": {
        "mean": 0.15442823095524566,
        "std": 0.035980878521484634,
        "median": 0.15137457847595215,
        "min": 0.11417126655578613,
        "max": 0.4691812992095947,
        "count": 94
      },
      "generation_time": {
        "mean": 8.013228847625408,
        "std": 2.9591964771015196,
        "median": 9.244239211082458,
        "min": 3.3451273441314697,
        "max": 12.318725824356079,
        "count": 94
      },
      "total_time": {
        "mean": 8.167657078580653,
        "std": 2.96546932391825,
        "median": 9.403764963150024,
        "min": 3.4881062507629395,
        "max": 12.48326301574707,
        "count": 94
      }
    }
  },
  "errors": []
}