{
  "dataset_info": {
    "split": "test",
    "total_questions": 102,
    "successful_evaluations": 102,
    "failed_evaluations": 0,
    "timestamp": "2026-01-28T20:31:36.523496"
  },
  "configuration": {
    "alpha": 0.3,
    "enable_curation": false,
    "enable_attribution": false,
    "quality_threshold": 0.1,
    "local_k": 50,
    "final_k": 10
  },
  "statistics": {
    "retrieval": {
      "recall@5": {
        "mean": 0.7156862745098039,
        "std": 0.45108694393440546,
        "median": 1.0,
        "min": 0.0,
        "max": 1.0,
        "count": 102
      },
      "recall@10": {
        "mean": 0.7156862745098039,
        "std": 0.45108694393440546,
        "median": 1.0,
        "min": 0.0,
        "max": 1.0,
        "count": 102
      },
      "precision@5": {
        "mean": 0.32156862745098036,
        "std": 0.3082612372458013,
        "median": 0.2,
        "min": 0.0,
        "max": 1.4,
        "count": 102
      },
      "precision@10": {
        "mean": 0.16078431372549018,
        "std": 0.15413061862290064,
        "median": 0.1,
        "min": 0.0,
        "max": 0.7,
        "count": 102
      },
      "f1@5": {
        "mean": 0.41277268480407725,
        "std": 0.3264074552550183,
        "median": 0.3333333333055556,
        "min": 0.0,
        "max": 1.1666666666180556,
        "count": 102
      },
      "f1@10": {
        "mean": 0.24927787512333982,
        "std": 0.21135673187644077,
        "median": 0.18181818180165288,
        "min": 0.0,
        "max": 0.8235294117162629,
        "count": 102
      },
      "mAP": {
        "mean": 0.3870417426229751,
        "std": 0.3629340201006565,
        "median": 0.2589285714285714,
        "min": 0.0,
        "max": 1.0,
        "count": 102
      },
      "nDCG@5": {
        "mean": 0.4047307758121203,
        "std": 0.3865208276891646,
        "median": 0.38685280723454163,
        "min": 0.0,
        "max": 1.0,
        "count": 102
      },
      "nDCG@10": {
        "mean": 0.48174821367824644,
        "std": 0.3704056540936484,
        "median": 0.458547169756618,
        "min": 0.0,
        "max": 1.0,
        "count": 102
      },
      "iou": {
        "mean": 0.0979955265854564,
        "std": 0.08605363641323271,
        "median": 0.0844776785937931,
        "min": 0.0,
        "max": 0.37932816537467734,
        "count": 102
      },
      "temporal_precision": {
        "mean": 0.2229250795052036,
        "std": 0.22129200252259243,
        "median": 0.16624493246707683,
        "min": 0.0,
        "max": 0.918976545842217,
        "count": 102
      },
      "temporal_recall": {
        "mean": 0.160592944254645,
        "std": 0.13206831282654102,
        "median": 0.1567532467532463,
        "min": 0.0,
        "max": 0.613913043478261,
        "count": 102
      },
      "temporal_f1": {
        "mean": 0.1678521538605795,
        "std": 0.13632409692223174,
        "median": 0.15579406945259827,
        "min": 0.0,
        "max": 0.5500187336080933,
        "count": 102
      },
      "correct_video_rate": 0.9803921568627451
    },
    "curation": {
      "pass_rate": {
        "mean": 0.0,
        "std": 0.0,
        "median": 0.0,
        "min": 0.0,
        "max": 0.0,
        "count": 102
      },
      "reduction_rate": {
        "mean": 0.0,
        "std": 0.0,
        "median": 0.0,
        "min": 0.0,
        "max": 0.0,
        "count": 102
      },
      "avg_conflicts": {
        "mean": 0.0,
        "std": 0.0,
        "median": 0.0,
        "min": 0.0,
        "max": 0.0,
        "count": 102
      }
    },
    "generation": {
      "success_rate": 1.0,
      "confidence": {
        "mean": 0.8148348923743995,
        "std": 0.06881694815306252,
        "median": 0.8426809896372618,
        "min": 0.7000000001,
        "max": 0.9,
        "count": 102
      },
      "answer_length_words": {
        "mean": 139.90196078431373,
        "std": 51.43004191950071,
        "median": 160.5,
        "min": 18.0,
        "max": 186.0,
        "count": 102
      },
      "cost": {
        "mean": 0.0002075514705882353,
        "std": 4.7517102935330364e-05,
        "median": 0.000231075,
        "min": 9.585e-05,
        "max": 0.00023775,
        "count": 102
      },
      "tokens_used": {
        "mean": 764.2647058823529,
        "std": 80.76277613620783,
        "median": 798.0,
        "min": 576.0,
        "max": 880.0,
        "count": 102
      }
    },
    "timing": {
      "search_time": {
        "mean": 0.2600257607067333,
        "std": 0.10976237063078248,
        "median": 0.20780408382415771,
        "min": 0.1579420566558838,
        "max": 0.6945581436157227,
        "count": 102
      },
      "generation_time": {
        "mean": 4.3098283515257,
        "std": 1.546962822314292,
        "median": 4.62273097038269,
        "min": 0.93768310546875,
        "max": 8.552258968353271,
        "count": 102
      },
      "total_time": {
        "mean": 4.5698541122324325,
        "std": 1.5487551768731576,
        "median": 4.934948682785034,
        "min": 1.110990285873413,
        "max": 8.768958806991577,
        "count": 102
      }
    }
  },
  "errors": []
}