{
  "dataset_info": {
    "split": "val",
    "total_questions": 94,
    "successful_evaluations": 94,
    "failed_evaluations": 0,
    "timestamp": "2026-01-28T20:21:50.480875"
  },
  "configuration": {
    "alpha": 0.3,
    "enable_curation": false,
    "enable_attribution": false,
    "quality_threshold": 0.1,
    "local_k": 50,
    "final_k": 10
  },
  "statistics": {
    "retrieval": {
      "recall@5": {
        "mean": 0.7340425531914894,
        "std": 0.44184169483606767,
        "median": 1.0,
        "min": 0.0,
        "max": 1.0,
        "count": 94
      },
      "recall@10": {
        "mean": 0.7340425531914894,
        "std": 0.44184169483606767,
        "median": 1.0,
        "min": 0.0,
        "max": 1.0,
        "count": 94
      },
      "precision@5": {
        "mean": 0.33191489361702126,
        "std": 0.3011371236247512,
        "median": 0.2,
        "min": 0.0,
        "max": 1.4,
        "count": 94
      },
      "precision@10": {
        "mean": 0.16595744680851063,
        "std": 0.1505685618123756,
        "median": 0.1,
        "min": 0.0,
        "max": 0.7,
        "count": 94
      },
      "f1@5": {
        "mean": 0.4286558594783489,
        "std": 0.31949437996583807,
        "median": 0.3333333333055556,
        "min": 0.0,
        "max": 1.1666666666180556,
        "count": 94
      },
      "f1@10": {
        "mean": 0.25840867515926275,
        "std": 0.20619990241313985,
        "median": 0.18181818180165288,
        "min": 0.0,
        "max": 0.8235294117162629,
        "count": 94
      },
      "mAP": {
        "mean": 0.4229808944854539,
        "std": 0.37956237033532214,
        "median": 0.32678571428571423,
        "min": 0.0,
        "max": 1.0,
        "count": 94
      },
      "nDCG@5": {
        "mean": 0.4164415976311892,
        "std": 0.3980246780799559,
        "median": 0.38685280723454163,
        "min": 0.0,
        "max": 1.0,
        "count": 94
      },
      "nDCG@10": {
        "mean": 0.5153391663813703,
        "std": 0.3826956759332987,
        "median": 0.5251729265715456,
        "min": 0.0,
        "max": 1.0,
        "count": 94
      },
      "iou": {
        "mean": 0.10282412659699479,
        "std": 0.08656338527299512,
        "median": 0.0901183626041838,
        "min": 0.0,
        "max": 0.36851297405189587,
        "count": 94
      },
      "temporal_precision": {
        "mean": 0.24391679168959352,
        "std": 0.223768676451306,
        "median": 0.18296187169987468,
        "min": 0.0,
        "max": 0.95758051846033,
        "count": 94
      },
      "temporal_recall": {
        "mean": 0.178744761909271,
        "std": 0.16302832118771013,
        "median": 0.13956521739130412,
        "min": 0.0,
        "max": 0.82,
        "count": 94
      },
      "temporal_f1": {
        "mean": 0.1758733374633309,
        "std": 0.13564588108386902,
        "median": 0.16533669313118043,
        "min": 0.0,
        "max": 0.5385597082953506,
        "count": 94
      },
      "correct_video_rate": 0.9361702127659575
    },
    "curation": {
      "pass_rate": {
        "mean": 0.0,
        "std": 0.0,
        "median": 0.0,
        "min": 0.0,
        "max": 0.0,
        "count": 94
      },
      "reduction_rate": {
        "mean": 0.0,
        "std": 0.0,
        "median": 0.0,
        "min": 0.0,
        "max": 0.0,
        "count": 94
      },
      "avg_conflicts": {
        "mean": 0.0,
        "std": 0.0,
        "median": 0.0,
        "min": 0.0,
        "max": 0.0,
        "count": 94
      }
    },
    "generation": {
      "success_rate": 1.0,
      "confidence": {
        "mean": 0.8258761568274903,
        "std": 0.05132152965562415,
        "median": 0.8432463777687715,
        "min": 0.7000000001,
        "max": 0.9,
        "count": 94
      },
      "answer_length_words": {
        "mean": 150.98936170212767,
        "std": 31.27588108895492,
        "median": 157.5,
        "min": 22.0,
        "max": 187.0,
        "count": 94
      },
      "cost": {
        "mean": 0.00022168085106382977,
        "std": 2.9931514120965586e-05,
        "median": 0.00023129999999999998,
        "min": 9.51e-05,
        "max": 0.00025065,
        "count": 94
      },
      "tokens_used": {
        "mean": 784.6489361702128,
        "std": 53.90273104177452,
        "median": 797.5,
        "min": 553.0,
        "max": 921.0,
        "count": 94
      }
    },
    "timing": {
      "search_time": {
        "mean": 0.2209538424268682,
        "std": 0.08383476792080267,
        "median": 0.18841111660003662,
        "min": 0.14830803871154785,
        "max": 0.5786449909210205,
        "count": 94
      },
      "generation_time": {
        "mean": 5.104015350341797,
        "std": 1.1726409852572521,
        "median": 5.273561596870422,
        "min": 1.0619111061096191,
        "max": 8.226485013961792,
        "count": 94
      },
      "total_time": {
        "mean": 5.324969192768665,
        "std": 1.1832040353237587,
        "median": 5.50950813293457,
        "min": 1.2484381198883057,
        "max": 8.744932889938354,
        "count": 94
      }
    }
  },
  "errors": []
}