{
  "dataset_info": {
    "split": "test",
    "total_questions": 102,
    "successful_evaluations": 102,
    "failed_evaluations": 0,
    "timestamp": "2026-02-15T12:34:15.130573"
  },
  "configuration": {
    "alpha": 0.3,
    "enable_curation": false,
    "enable_attribution": false,
    "quality_threshold": 0.1,
    "local_k": 50,
    "final_k": 10
  },
  "statistics": {
    "retrieval": {
      "recall@5": {
        "mean": 0.43137254901960786,
        "std": 0.4952678800123564,
        "median": 0.0,
        "min": 0.0,
        "max": 1.0,
        "count": 102
      },
      "recall@10": {
        "mean": 0.43137254901960786,
        "std": 0.4952678800123564,
        "median": 0.0,
        "min": 0.0,
        "max": 1.0,
        "count": 102
      },
      "precision@5": {
        "mean": 0.11372549019607843,
        "std": 0.1495347134504911,
        "median": 0.0,
        "min": 0.0,
        "max": 0.6,
        "count": 102
      },
      "precision@10": {
        "mean": 0.056862745098039215,
        "std": 0.07476735672524555,
        "median": 0.0,
        "min": 0.0,
        "max": 0.3,
        "count": 102
      },
      "f1@5": {
        "mean": 0.17530345470158415,
        "std": 0.2171849521588615,
        "median": 0.0,
        "min": 0.0,
        "max": 0.7499999999531249,
        "count": 102
      },
      "f1@10": {
        "mean": 0.09877051052661143,
        "std": 0.12524193257365357,
        "median": 0.0,
        "min": 0.0,
        "max": 0.4615384615029585,
        "count": 102
      },
      "mAP": {
        "mean": 0.25781979458450044,
        "std": 0.38290551853467936,
        "median": 0.0,
        "min": 0.0,
        "max": 1.0,
        "count": 102
      },
      "nDCG@5": {
        "mean": 0.2653935053855901,
        "std": 0.4011626429835008,
        "median": 0.0,
        "min": 0.0,
        "max": 1.0,
        "count": 102
      },
      "nDCG@10": {
        "mean": 0.30136044154291625,
        "std": 0.394504248005847,
        "median": 0.0,
        "min": 0.0,
        "max": 1.0,
        "count": 102
      },
      "iou": {
        "mean": 0.08791199561774113,
        "std": 0.07825461202739249,
        "median": 0.07278133277728294,
        "min": 0.0,
        "max": 0.33072546230440986,
        "count": 102
      },
      "temporal_precision": {
        "mean": 0.19468678757441016,
        "std": 0.18921598639123258,
        "median": 0.1444212183383013,
        "min": 0.0,
        "max": 0.8702646600934094,
        "count": 102
      },
      "temporal_recall": {
        "mean": 0.15415478649604508,
        "std": 0.1357011051193156,
        "median": 0.12349721706864585,
        "min": 0.0,
        "max": 0.6413793103448284,
        "count": 102
      },
      "temporal_f1": {
        "mean": 0.15266538504873586,
        "std": 0.12488818063477815,
        "median": 0.1356868809936917,
        "min": 0.0,
        "max": 0.4970603955104224,
        "count": 102
      },
      "correct_video_rate": 0.803921568627451
    },
    "curation": {
      "pass_rate": {
        "mean": 0.0,
        "std": 0.0,
        "median": 0.0,
        "min": 0.0,
        "max": 0.0,
        "count": 102
      },
      "reduction_rate": {
        "mean": 0.0,
        "std": 0.0,
        "median": 0.0,
        "min": 0.0,
        "max": 0.0,
        "count": 102
      },
      "avg_conflicts": {
        "mean": 0.0,
        "std": 0.0,
        "median": 0.0,
        "min": 0.0,
        "max": 0.0,
        "count": 102
      }
    },
    "generation": {
      "success_rate": 1.0,
      "confidence": {
        "mean": 0.5636696181893787,
        "std": 0.25485717841254335,
        "median": 0.6359729391184049,
        "min": 0.0,
        "max": 0.8366073805207221,
        "count": 102
      },
      "answer_length_words": {
        "mean": 105.42156862745098,
        "std": 63.621650691844636,
        "median": 147.5,
        "min": 19.0,
        "max": 186.0,
        "count": 102
      },
      "cost": {
        "mean": 0.0001567720588235294,
        "std": 8.531333182415111e-05,
        "median": 0.00021202500000000002,
        "min": 0.0,
        "max": 0.00023519999999999997,
        "count": 102
      },
      "tokens_used": {
        "mean": 616.2647058823529,
        "std": 272.04573312439214,
        "median": 766.5,
        "min": 0.0,
        "max": 818.0,
        "count": 102
      }
    },
    "timing": {
      "search_time": {
        "mean": 0.2456999152314429,
        "std": 0.12814680389959918,
        "median": 0.18576109409332275,
        "min": 0.11527180671691895,
        "max": 0.6249520778656006,
        "count": 102
      },
      "generation_time": {
        "mean": 2.8399317428177477,
        "std": 1.978337458993312,
        "median": 3.714170217514038,
        "min": 7.605552673339844e-05,
        "max": 6.976608991622925,
        "count": 102
      },
      "total_time": {
        "mean": 3.085631658049191,
        "std": 2.006169186186597,
        "median": 3.9933454990386963,
        "min": 0.12519598007202148,
        "max": 7.147788047790527,
        "count": 102
      }
    }
  },
  "errors": []
}