{
  "dataset_info": {
    "split": "val",
    "total_questions": 94,
    "successful_evaluations": 94,
    "failed_evaluations": 0,
    "timestamp": "2026-02-15T12:34:00.965644"
  },
  "configuration": {
    "alpha": 0.3,
    "enable_curation": false,
    "enable_attribution": false,
    "quality_threshold": 0.1,
    "local_k": 50,
    "final_k": 10
  },
  "statistics": {
    "retrieval": {
      "recall@5": {
        "mean": 0.4574468085106383,
        "std": 0.4981859350624721,
        "median": 0.0,
        "min": 0.0,
        "max": 1.0,
        "count": 94
      },
      "recall@10": {
        "mean": 0.4574468085106383,
        "std": 0.4981859350624721,
        "median": 0.0,
        "min": 0.0,
        "max": 1.0,
        "count": 94
      },
      "precision@5": {
        "mean": 0.12340425531914892,
        "std": 0.16785602487928528,
        "median": 0.0,
        "min": 0.0,
        "max": 1.0,
        "count": 94
      },
      "precision@10": {
        "mean": 0.06170212765957446,
        "std": 0.08392801243964264,
        "median": 0.0,
        "min": 0.0,
        "max": 0.5,
        "count": 94
      },
      "f1@5": {
        "mean": 0.18680344476777347,
        "std": 0.22542280673212328,
        "median": 0.0,
        "min": 0.0,
        "max": 0.99999999995,
        "count": 94
      },
      "f1@10": {
        "mean": 0.10581262708008587,
        "std": 0.13300376344382317,
        "median": 0.0,
        "min": 0.0,
        "max": 0.6666666666222222,
        "count": 94
      },
      "mAP": {
        "mean": 0.2993372171563661,
        "std": 0.3920950386881041,
        "median": 0.0,
        "min": 0.0,
        "max": 1.0,
        "count": 94
      },
      "nDCG@5": {
        "mean": 0.3110543958320043,
        "std": 0.4109061370426441,
        "median": 0.0,
        "min": 0.0,
        "max": 1.0,
        "count": 94
      },
      "nDCG@10": {
        "mean": 0.3406548880612181,
        "std": 0.4058262505356848,
        "median": 0.0,
        "min": 0.0,
        "max": 1.0,
        "count": 94
      },
      "iou": {
        "mean": 0.07164414464688866,
        "std": 0.06691361773428343,
        "median": 0.05678524804331969,
        "min": 0.0,
        "max": 0.29282144479781924,
        "count": 94
      },
      "temporal_precision": {
        "mean": 0.174035205272104,
        "std": 0.17650207503903348,
        "median": 0.11196265401117564,
        "min": 0.0,
        "max": 0.6640906749098406,
        "count": 94
      },
      "temporal_recall": {
        "mean": 0.1232334101215007,
        "std": 0.11724100828197453,
        "median": 0.10713294964028783,
        "min": 0.0,
        "max": 0.6600000000000023,
        "count": 94
      },
      "temporal_f1": {
        "mean": 0.126821166762825,
        "std": 0.110620228409548,
        "median": 0.10746485938670425,
        "min": 0.0,
        "max": 0.45299595853101393,
        "count": 94
      },
      "correct_video_rate": 0.7553191489361702
    },
    "curation": {
      "pass_rate": {
        "mean": 0.0,
        "std": 0.0,
        "median": 0.0,
        "min": 0.0,
        "max": 0.0,
        "count": 94
      },
      "reduction_rate": {
        "mean": 0.0,
        "std": 0.0,
        "median": 0.0,
        "min": 0.0,
        "max": 0.0,
        "count": 94
      },
      "avg_conflicts": {
        "mean": 0.0,
        "std": 0.0,
        "median": 0.0,
        "min": 0.0,
        "max": 0.0,
        "count": 94
      }
    },
    "generation": {
      "success_rate": 1.0,
      "confidence": {
        "mean": 0.5795699734629934,
        "std": 0.2401735571374264,
        "median": 0.6446295798186339,
        "min": 0.0,
        "max": 0.8250814414417746,
        "count": 94
      },
      "answer_length_words": {
        "mean": 118.59574468085107,
        "std": 61.89306480740763,
        "median": 154.0,
        "min": 19.0,
        "max": 184.0,
        "count": 94
      },
      "cost": {
        "mean": 0.00017167340425531914,
        "std": 8.326749886440957e-05,
        "median": 0.00022889999999999998,
        "min": 0.0,
        "max": 0.00023564999999999998,
        "count": 94
      },
      "tokens_used": {
        "mean": 651.3723404255319,
        "std": 263.3695318346025,
        "median": 790.0,
        "min": 0.0,
        "max": 821.0,
        "count": 94
      }
    },
    "timing": {
      "search_time": {
        "mean": 0.27845444324168755,
        "std": 0.14909326724743174,
        "median": 0.22015202045440674,
        "min": 0.12400221824645996,
        "max": 0.9886870384216309,
        "count": 94
      },
      "generation_time": {
        "mean": 3.113682858487393,
        "std": 1.9312572536241137,
        "median": 3.882475972175598,
        "min": 7.176399230957031e-05,
        "max": 8.426153898239136,
        "count": 94
      },
      "total_time": {
        "mean": 3.3921373017290803,
        "std": 1.9522475093262368,
        "median": 4.063389301300049,
        "min": 0.12408232688903809,
        "max": 8.64148998260498,
        "count": 94
      }
    }
  },
  "errors": []
}