{
  "dataset_info": {
    "split": "val",
    "total_questions": 94,
    "successful_evaluations": 94,
    "failed_evaluations": 0,
    "timestamp": "2026-02-15T12:40:10.648990"
  },
  "configuration": {
    "alpha": 0.3,
    "enable_curation": false,
    "enable_attribution": false,
    "quality_threshold": 0.1,
    "local_k": 50,
    "final_k": 10
  },
  "statistics": {
    "retrieval": {
      "recall@5": {
        "mean": 0.5106382978723404,
        "std": 0.49988681380726513,
        "median": 1.0,
        "min": 0.0,
        "max": 1.0,
        "count": 94
      },
      "recall@10": {
        "mean": 0.5106382978723404,
        "std": 0.49988681380726513,
        "median": 1.0,
        "min": 0.0,
        "max": 1.0,
        "count": 94
      },
      "precision@5": {
        "mean": 0.18085106382978725,
        "std": 0.23532530483272077,
        "median": 0.2,
        "min": 0.0,
        "max": 1.2,
        "count": 94
      },
      "precision@10": {
        "mean": 0.09042553191489362,
        "std": 0.11766265241636038,
        "median": 0.1,
        "min": 0.0,
        "max": 0.6,
        "count": 94
      },
      "f1@5": {
        "mean": 0.25088268703501143,
        "std": 0.28469984472970833,
        "median": 0.3333333333055556,
        "min": 0.0,
        "max": 1.090909090859504,
        "count": 94
      },
      "f1@10": {
        "mean": 0.1471020114516222,
        "std": 0.17532068378965568,
        "median": 0.18181818180165288,
        "min": 0.0,
        "max": 0.7499999999531249,
        "count": 94
      },
      "mAP": {
        "mean": 0.2734063660925363,
        "std": 0.3626216551610462,
        "median": 0.1,
        "min": 0.0,
        "max": 1.0,
        "count": 94
      },
      "nDCG@5": {
        "mean": 0.27703074515155635,
        "std": 0.3798639425970992,
        "median": 0.0,
        "min": 0.0,
        "max": 1.0,
        "count": 94
      },
      "nDCG@10": {
        "mean": 0.3374826108968702,
        "std": 0.38143592724704467,
        "median": 0.2890648263178879,
        "min": 0.0,
        "max": 1.0,
        "count": 94
      },
      "iou": {
        "mean": 0.07586871588713927,
        "std": 0.07156219862806316,
        "median": 0.058726181206708916,
        "min": 0.0,
        "max": 0.35099913119026926,
        "count": 94
      },
      "temporal_precision": {
        "mean": 0.18579283822889894,
        "std": 0.20570239978499025,
        "median": 0.12433217669090131,
        "min": 0.0,
        "max": 0.9200841219768674,
        "count": 94
      },
      "temporal_recall": {
        "mean": 0.137982061973825,
        "std": 0.13602071126898924,
        "median": 0.10175515577007406,
        "min": 0.0,
        "max": 0.6600000000000023,
        "count": 94
      },
      "temporal_f1": {
        "mean": 0.1332516671008264,
        "std": 0.11747961237310625,
        "median": 0.11093732234183787,
        "min": 0.0,
        "max": 0.5196141479099678,
        "count": 94
      },
      "correct_video_rate": 0.8829787234042553
    },
    "curation": {
      "pass_rate": {
        "mean": 0.0,
        "std": 0.0,
        "median": 0.0,
        "min": 0.0,
        "max": 0.0,
        "count": 94
      },
      "reduction_rate": {
        "mean": 0.0,
        "std": 0.0,
        "median": 0.0,
        "min": 0.0,
        "max": 0.0,
        "count": 94
      },
      "avg_conflicts": {
        "mean": 0.0,
        "std": 0.0,
        "median": 0.0,
        "min": 0.0,
        "max": 0.0,
        "count": 94
      }
    },
    "generation": {
      "success_rate": 1.0,
      "confidence": {
        "mean": 0.48478438500636334,
        "std": 0.30470356800954485,
        "median": 0.6225040059201157,
        "min": 0.0,
        "max": 0.8242680494915543,
        "count": 94
      },
      "answer_length_words": {
        "mean": 113.86170212765957,
        "std": 58.95465279742103,
        "median": 152.5,
        "min": 21.0,
        "max": 181.0,
        "count": 94
      },
      "cost": {
        "mean": 0.0001517122340425532,
        "std": 0.00010023440630198385,
        "median": 0.0002229,
        "min": 0.0,
        "max": 0.00023715,
        "count": 94
      },
      "tokens_used": {
        "mean": 558.8297872340426,
        "std": 343.3456988225638,
        "median": 786.5,
        "min": 0.0,
        "max": 831.0,
        "count": 94
      }
    },
    "timing": {
      "search_time": {
        "mean": 0.3067638468235097,
        "std": 0.13171163322931856,
        "median": 0.2859750986099243,
        "min": 0.1288750171661377,
        "max": 0.6506550312042236,
        "count": 94
      },
      "generation_time": {
        "mean": 2.7847257624281214,
        "std": 2.1115300707027194,
        "median": 3.8048564195632935,
        "min": 7.987022399902344e-05,
        "max": 8.901716947555542,
        "count": 94
      },
      "total_time": {
        "mean": 3.091489609251631,
        "std": 2.141796356512298,
        "median": 4.0775028467178345,
        "min": 0.13872575759887695,
        "max": 9.317777872085571,
        "count": 94
      }
    }
  },
  "errors": []
}