{
  "dataset_info": {
    "split": "test",
    "total_questions": 102,
    "successful_evaluations": 102,
    "failed_evaluations": 0,
    "timestamp": "2026-02-15T12:40:10.349036"
  },
  "configuration": {
    "alpha": 0.3,
    "enable_curation": false,
    "enable_attribution": false,
    "quality_threshold": 0.1,
    "local_k": 50,
    "final_k": 10
  },
  "statistics": {
    "retrieval": {
      "recall@5": {
        "mean": 0.6372549019607843,
        "std": 0.48079215040153844,
        "median": 1.0,
        "min": 0.0,
        "max": 1.0,
        "count": 102
      },
      "recall@10": {
        "mean": 0.6372549019607843,
        "std": 0.48079215040153844,
        "median": 1.0,
        "min": 0.0,
        "max": 1.0,
        "count": 102
      },
      "precision@5": {
        "mean": 0.21764705882352933,
        "std": 0.22069931843577623,
        "median": 0.2,
        "min": 0.0,
        "max": 1.0,
        "count": 102
      },
      "precision@10": {
        "mean": 0.10882352941176467,
        "std": 0.11034965921788811,
        "median": 0.1,
        "min": 0.0,
        "max": 0.5,
        "count": 102
      },
      "f1@5": {
        "mean": 0.30882352938940216,
        "std": 0.27390333610197604,
        "median": 0.3333333333055556,
        "min": 0.0,
        "max": 0.99999999995,
        "count": 102
      },
      "f1@10": {
        "mean": 0.17972550323996186,
        "std": 0.16758711226223907,
        "median": 0.18181818180165288,
        "min": 0.0,
        "max": 0.6666666666222222,
        "count": 102
      },
      "mAP": {
        "mean": 0.27938453159041393,
        "std": 0.34535479362895916,
        "median": 0.14285714285714285,
        "min": 0.0,
        "max": 1.0,
        "count": 102
      },
      "nDCG@5": {
        "mean": 0.2553658565077953,
        "std": 0.3755089358293116,
        "median": 0.0,
        "min": 0.0,
        "max": 1.0,
        "count": 102
      },
      "nDCG@10": {
        "mean": 0.3712055815821905,
        "std": 0.35379137877360073,
        "median": 0.3333333333333333,
        "min": 0.0,
        "max": 1.0,
        "count": 102
      },
      "iou": {
        "mean": 0.08693671460367315,
        "std": 0.07368697345930571,
        "median": 0.0769885198851989,
        "min": 0.0,
        "max": 0.3165506159614352,
        "count": 102
      },
      "temporal_precision": {
        "mean": 0.20063392755919704,
        "std": 0.18378672521370287,
        "median": 0.17390968047974073,
        "min": 0.0,
        "max": 0.784217016029593,
        "count": 102
      },
      "temporal_recall": {
        "mean": 0.14655148919617944,
        "std": 0.1255227292777754,
        "median": 0.13289039548022602,
        "min": 0.0,
        "max": 0.5288888888888879,
        "count": 102
      },
      "temporal_f1": {
        "mean": 0.15184986520653615,
        "std": 0.12008821562684012,
        "median": 0.14296899439909094,
        "min": 0.0,
        "max": 0.4808787632221315,
        "count": 102
      },
      "correct_video_rate": 0.9117647058823529
    },
    "curation": {
      "pass_rate": {
        "mean": 0.0,
        "std": 0.0,
        "median": 0.0,
        "min": 0.0,
        "max": 0.0,
        "count": 102
      },
      "reduction_rate": {
        "mean": 0.0,
        "std": 0.0,
        "median": 0.0,
        "min": 0.0,
        "max": 0.0,
        "count": 102
      },
      "avg_conflicts": {
        "mean": 0.0,
        "std": 0.0,
        "median": 0.0,
        "min": 0.0,
        "max": 0.0,
        "count": 102
      }
    },
    "generation": {
      "success_rate": 1.0,
      "confidence": {
        "mean": 0.48513749134260126,
        "std": 0.2833319499700808,
        "median": 0.5533845652951588,
        "min": 0.0,
        "max": 0.8367152104988066,
        "count": 102
      },
      "answer_length_words": {
        "mean": 105.0,
        "std": 65.34208624840592,
        "median": 147.5,
        "min": 19.0,
        "max": 183.0,
        "count": 102
      },
      "cost": {
        "mean": 0.00014514558823529414,
        "std": 9.413394974844204e-05,
        "median": 0.000203775,
        "min": 0.0,
        "max": 0.00023729999999999997,
        "count": 102
      },
      "tokens_used": {
        "mean": 565.4019607843137,
        "std": 317.5154854893964,
        "median": 762.5,
        "min": 0.0,
        "max": 832.0,
        "count": 102
      }
    },
    "timing": {
      "search_time": {
        "mean": 0.2842977046966553,
        "std": 0.13456200653549838,
        "median": 0.23812580108642578,
        "min": 0.1394357681274414,
        "max": 0.7617149353027344,
        "count": 102
      },
      "generation_time": {
        "mean": 2.4094577279745364,
        "std": 1.877252616266185,
        "median": 3.320387363433838,
        "min": 7.796287536621094e-05,
        "max": 6.033647060394287,
        "count": 102
      },
      "total_time": {
        "mean": 2.6937554326711917,
        "std": 1.8775899611848992,
        "median": 3.655839443206787,
        "min": 0.14645981788635254,
        "max": 6.481273889541626,
        "count": 102
      }
    }
  },
  "errors": []
}