{
  "dataset_info": {
    "split": "val",
    "total_questions": 94,
    "successful_evaluations": 94,
    "failed_evaluations": 0,
    "timestamp": "2026-01-25T23:07:34.426136"
  },
  "configuration": {
    "alpha": 0.3,
    "enable_curation": true,
    "enable_attribution": true,
    "quality_threshold": 0.1,
    "local_k": 50,
    "final_k": 10
  },
  "statistics": {
    "retrieval": {
      "recall@5": {
        "mean": 0.723404255319149,
        "std": 0.447314809396354,
        "median": 1.0,
        "min": 0.0,
        "max": 1.0,
        "count": 94
      },
      "recall@10": {
        "mean": 0.723404255319149,
        "std": 0.447314809396354,
        "median": 1.0,
        "min": 0.0,
        "max": 1.0,
        "count": 94
      },
      "precision@5": {
        "mean": 0.3,
        "std": 0.30141510219261947,
        "median": 0.2,
        "min": 0.0,
        "max": 1.4,
        "count": 94
      },
      "precision@10": {
        "mean": 0.15,
        "std": 0.15070755109630973,
        "median": 0.1,
        "min": 0.0,
        "max": 0.7,
        "count": 94
      },
      "f1@5": {
        "mean": 0.3909113935444693,
        "std": 0.3146999333848757,
        "median": 0.3333333333055556,
        "min": 0.0,
        "max": 1.1666666666180556,
        "count": 94
      },
      "f1@10": {
        "mean": 0.23437664753076562,
        "std": 0.2046063817277212,
        "median": 0.18181818180165288,
        "min": 0.0,
        "max": 0.8235294117162629,
        "count": 94
      },
      "mAP": {
        "mean": 0.4345511289622233,
        "std": 0.38957039296094315,
        "median": 0.3333333333333333,
        "min": 0.0,
        "max": 1.0,
        "count": 94
      },
      "nDCG@5": {
        "mean": 0.4384464361538826,
        "std": 0.4088454577078156,
        "median": 0.43067655807339306,
        "min": 0.0,
        "max": 1.0,
        "count": 94
      },
      "nDCG@10": {
        "mean": 0.5198736076041058,
        "std": 0.39123641461975245,
        "median": 0.5,
        "min": 0.0,
        "max": 1.0,
        "count": 94
      },
      "iou": {
        "mean": 0.09086755754802175,
        "std": 0.07517407281718119,
        "median": 0.08880938698933272,
        "min": 0.0,
        "max": 0.3254035683942226,
        "count": 94
      },
      "temporal_precision": {
        "mean": 0.2275196295981599,
        "std": 0.2166576949405017,
        "median": 0.1730380271346927,
        "min": 0.0,
        "max": 0.9794708029197086,
        "count": 94
      },
      "temporal_recall": {
        "mean": 0.15825739198923244,
        "std": 0.14023004291713181,
        "median": 0.12819087888855366,
        "min": 0.0,
        "max": 0.6600000000000023,
        "count": 94
      },
      "temporal_f1": {
        "mean": 0.15823673236623603,
        "std": 0.121719792835885,
        "median": 0.16313037329871694,
        "min": 0.0,
        "max": 0.491025641025641,
        "count": 94
      },
      "correct_video_rate": 0.9148936170212766
    },
    "curation": {
      "pass_rate": {
        "mean": 0.9829787234042554,
        "std": 0.11074054195466469,
        "median": 1.0,
        "min": 0.1,
        "max": 1.0,
        "count": 94
      },
      "reduction_rate": {
        "mean": 0.8797872340425533,
        "std": 0.04015869380463164,
        "median": 0.9,
        "min": 0.8,
        "max": 0.9,
        "count": 94
      },
      "avg_conflicts": {
        "mean": 6.914893617021277,
        "std": 5.513348548996808,
        "median": 6.0,
        "min": 0.0,
        "max": 29.0,
        "count": 94
      }
    },
    "generation": {
      "success_rate": 1.0,
      "confidence": {
        "mean": 0.35584502967481685,
        "std": 0.13762955453479755,
        "median": 0.3,
        "min": 0.0,
        "max": 0.7,
        "count": 94
      },
      "answer_length_words": {
        "mean": 117.42553191489361,
        "std": 70.52153577238509,
        "median": 162.0,
        "min": 20.0,
        "max": 195.0,
        "count": 94
      },
      "cost": {
        "mean": 0.00015080106382978724,
        "std": 6.209686067146426e-05,
        "median": 0.000190875,
        "min": 6.314999999999999e-05,
        "max": 0.00021749999999999997,
        "count": 94
      },
      "tokens_used": {
        "mean": 525.1808510638298,
        "std": 116.62222724951444,
        "median": 579.5,
        "min": 355.0,
        "max": 700.0,
        "count": 94
      }
    },
    "timing": {
      "search_time": {
        "mean": 0.16189315217606565,
        "std": 0.05514136457840735,
        "median": 0.1541835069656372,
        "min": 0.12419795989990234,
        "max": 0.5053868293762207,
        "count": 94
      },
      "generation_time": {
        "mean": 7.670753156885188,
        "std": 2.8385435912264434,
        "median": 8.697577953338623,
        "min": 3.6845712661743164,
        "max": 13.56707215309143,
        "count": 94
      },
      "total_time": {
        "mean": 7.8326463090612535,
        "std": 2.838191541348479,
        "median": 8.855626821517944,
        "min": 3.8281631469726562,
        "max": 14.016752004623413,
        "count": 94
      }
    }
  },
  "errors": []
}