{
  "dataset_info": {
    "split": "test",
    "total_questions": 102,
    "successful_evaluations": 102,
    "failed_evaluations": 0,
    "timestamp": "2026-01-25T23:22:11.452258"
  },
  "configuration": {
    "alpha": 0.3,
    "enable_curation": true,
    "enable_attribution": true,
    "quality_threshold": 0.1,
    "local_k": 50,
    "final_k": 10
  },
  "statistics": {
    "retrieval": {
      "recall@5": {
        "mean": 0.696078431372549,
        "std": 0.45994918061725104,
        "median": 1.0,
        "min": 0.0,
        "max": 1.0,
        "count": 102
      },
      "recall@10": {
        "mean": 0.696078431372549,
        "std": 0.45994918061725104,
        "median": 1.0,
        "min": 0.0,
        "max": 1.0,
        "count": 102
      },
      "precision@5": {
        "mean": 0.28823529411764703,
        "std": 0.2679969701493419,
        "median": 0.2,
        "min": 0.0,
        "max": 1.0,
        "count": 102
      },
      "precision@10": {
        "mean": 0.14411764705882352,
        "std": 0.13399848507467094,
        "median": 0.1,
        "min": 0.0,
        "max": 0.5,
        "count": 102
      },
      "f1@5": {
        "mean": 0.3849984437956044,
        "std": 0.3072394598755276,
        "median": 0.3333333333055556,
        "min": 0.0,
        "max": 0.99999999995,
        "count": 102
      },
      "f1@10": {
        "mean": 0.22941111174562134,
        "std": 0.19380445869944488,
        "median": 0.18181818180165288,
        "min": 0.0,
        "max": 0.6666666666222222,
        "count": 102
      },
      "mAP": {
        "mean": 0.4015355586679117,
        "std": 0.37647548317944196,
        "median": 0.325,
        "min": 0.0,
        "max": 1.0,
        "count": 102
      },
      "nDCG@5": {
        "mean": 0.41165770152916364,
        "std": 0.3964405528738928,
        "median": 0.38685280723454163,
        "min": 0.0,
        "max": 1.0,
        "count": 102
      },
      "nDCG@10": {
        "mean": 0.4864405650939583,
        "std": 0.3827767375826736,
        "median": 0.5,
        "min": 0.0,
        "max": 1.0,
        "count": 102
      },
      "iou": {
        "mean": 0.09304093376548896,
        "std": 0.08022197371750711,
        "median": 0.0760724312328208,
        "min": 0.0,
        "max": 0.2969187675070027,
        "count": 102
      },
      "temporal_precision": {
        "mean": 0.21496940975306592,
        "std": 0.207662222206697,
        "median": 0.16348710206050948,
        "min": 0.0,
        "max": 0.8404558404558399,
        "count": 102
      },
      "temporal_recall": {
        "mean": 0.15174290566872636,
        "std": 0.12312041318260382,
        "median": 0.13679487179487215,
        "min": 0.0,
        "max": 0.53,
        "count": 102
      },
      "temporal_f1": {
        "mean": 0.16075452855829347,
        "std": 0.12961549050596058,
        "median": 0.14138531368024862,
        "min": 0.0,
        "max": 0.4578833693304534,
        "count": 102
      },
      "correct_video_rate": 0.9705882352941176
    },
    "curation": {
      "pass_rate": {
        "mean": 0.9647058823529412,
        "std": 0.13034423415388435,
        "median": 1.0,
        "min": 0.2,
        "max": 1.0,
        "count": 102
      },
      "reduction_rate": {
        "mean": 0.8833333333333339,
        "std": 0.037267799624996496,
        "median": 0.9,
        "min": 0.8,
        "max": 0.9,
        "count": 102
      },
      "avg_conflicts": {
        "mean": 5.921568627450981,
        "std": 5.803457851109457,
        "median": 4.5,
        "min": 0.0,
        "max": 25.0,
        "count": 102
      }
    },
    "generation": {
      "success_rate": 1.0,
      "confidence": {
        "mean": 0.3130023835257399,
        "std": 0.14929827116082345,
        "median": 0.3,
        "min": 0.0,
        "max": 0.85,
        "count": 102
      },
      "answer_length_words": {
        "mean": 131.83333333333334,
        "std": 66.61317707088534,
        "median": 168.5,
        "min": 20.0,
        "max": 195.0,
        "count": 102
      },
      "cost": {
        "mean": 0.0001618926470588235,
        "std": 5.7447870400749536e-05,
        "median": 0.0001953,
        "min": 6.525e-05,
        "max": 0.0002187,
        "count": 102
      },
      "tokens_used": {
        "mean": 543.7254901960785,
        "std": 104.90650897232119,
        "median": 581.0,
        "min": 361.0,
        "max": 708.0,
        "count": 102
      }
    },
    "timing": {
      "search_time": {
        "mean": 0.1723705857407813,
        "std": 0.07650363660046391,
        "median": 0.1517430543899536,
        "min": 0.12088704109191895,
        "max": 0.5419290065765381,
        "count": 102
      },
      "generation_time": {
        "mean": 8.018275221188864,
        "std": 2.7798253303189147,
        "median": 9.124775528907776,
        "min": 2.960627317428589,
        "max": 11.935643196105957,
        "count": 102
      },
      "total_time": {
        "mean": 8.190645806929645,
        "std": 2.7714139118481818,
        "median": 9.34491491317749,
        "min": 3.1440441608428955,
        "max": 12.129894971847534,
        "count": 102
      }
    }
  },
  "errors": []
}