{
  "dataset_info": {
    "split": "val",
    "total_questions": 94,
    "successful_evaluations": 94,
    "failed_evaluations": 0,
    "timestamp": "2026-02-15T11:50:32.180883"
  },
  "configuration": {
    "alpha": 0.7,
    "enable_curation": true,
    "enable_attribution": true,
    "quality_threshold": 0.1,
    "local_k": 50,
    "final_k": 10
  },
  "statistics": {
    "retrieval": {
      "recall@5": {
        "mean": 0.35106382978723405,
        "std": 0.477302856897331,
        "median": 0.0,
        "min": 0.0,
        "max": 1.0,
        "count": 94
      },
      "recall@10": {
        "mean": 0.35106382978723405,
        "std": 0.477302856897331,
        "median": 0.0,
        "min": 0.0,
        "max": 1.0,
        "count": 94
      },
      "precision@5": {
        "mean": 0.08085106382978724,
        "std": 0.12140717121435833,
        "median": 0.0,
        "min": 0.0,
        "max": 0.6,
        "count": 94
      },
      "precision@10": {
        "mean": 0.04042553191489362,
        "std": 0.060703585607179165,
        "median": 0.0,
        "min": 0.0,
        "max": 0.3,
        "count": 94
      },
      "f1@5": {
        "mean": 0.12905268489337768,
        "std": 0.18447112682049624,
        "median": 0.0,
        "min": 0.0,
        "max": 0.7499999999531249,
        "count": 94
      },
      "f1@10": {
        "mean": 0.07164112482625062,
        "std": 0.10430001726104914,
        "median": 0.0,
        "min": 0.0,
        "max": 0.4615384615029585,
        "count": 94
      },
      "mAP": {
        "mean": 0.26575059101654847,
        "std": 0.40731011300362086,
        "median": 0.0,
        "min": 0.0,
        "max": 1.0,
        "count": 94
      },
      "nDCG@5": {
        "mean": 0.2861886745353127,
        "std": 0.41428884808004085,
        "median": 0.0,
        "min": 0.0,
        "max": 1.0,
        "count": 94
      },
      "nDCG@10": {
        "mean": 0.28796697724771914,
        "std": 0.4164313243202703,
        "median": 0.0,
        "min": 0.0,
        "max": 1.0,
        "count": 94
      },
      "iou": {
        "mean": 0.0637985632924172,
        "std": 0.06987647183797074,
        "median": 0.0461563740138507,
        "min": 0.0,
        "max": 0.2867231638418078,
        "count": 94
      },
      "temporal_precision": {
        "mean": 0.16514360589552016,
        "std": 0.1839042203593833,
        "median": 0.10985035788270137,
        "min": 0.0,
        "max": 0.7708628005657711,
        "count": 94
      },
      "temporal_recall": {
        "mean": 0.10816458073380522,
        "std": 0.13934140856532487,
        "median": 0.06656470588235308,
        "min": 0.0,
        "max": 0.7980000000000018,
        "count": 94
      },
      "temporal_f1": {
        "mean": 0.11232009619039371,
        "std": 0.11634814876118385,
        "median": 0.08823764994538383,
        "min": 0.0,
        "max": 0.4456641053787046,
        "count": 94
      },
      "correct_video_rate": 0.648936170212766
    },
    "curation": {
      "pass_rate": {
        "mean": 1.0,
        "std": 0.0,
        "median": 1.0,
        "min": 1.0,
        "max": 1.0,
        "count": 94
      },
      "reduction_rate": {
        "mean": 0.8755319148936175,
        "std": 0.0429897815982484,
        "median": 0.9,
        "min": 0.8,
        "max": 0.9,
        "count": 94
      },
      "avg_conflicts": {
        "mean": 4.031914893617022,
        "std": 2.8451232170885814,
        "median": 3.5,
        "min": 0.0,
        "max": 13.0,
        "count": 94
      }
    },
    "generation": {
      "success_rate": 1.0,
      "confidence": {
        "mean": 0.2941591387336068,
        "std": 0.20668877789362664,
        "median": 0.3,
        "min": 0.0,
        "max": 0.75,
        "count": 94
      },
      "answer_length_words": {
        "mean": 100.6063829787234,
        "std": 69.93024154585653,
        "median": 87.0,
        "min": 21.0,
        "max": 192.0,
        "count": 94
      },
      "cost": {
        "mean": 0.00012395425531914892,
        "std": 7.594959647882609e-05,
        "median": 0.000123375,
        "min": 0.0,
        "max": 0.00021749999999999997,
        "count": 94
      },
      "tokens_used": {
        "mean": 447.1170212765957,
        "std": 208.34483773879256,
        "median": 479.0,
        "min": 0.0,
        "max": 700.0,
        "count": 94
      }
    },
    "timing": {
      "search_time": {
        "mean": 0.6411163375732747,
        "std": 0.6792989210947266,
        "median": 0.27722465991973877,
        "min": 0.14831900596618652,
        "max": 4.283986806869507,
        "count": 94
      },
      "generation_time": {
        "mean": 10.772986374002821,
        "std": 8.139504016259457,
        "median": 9.288938999176025,
        "min": 2.2274460792541504,
        "max": 36.5915949344635,
        "count": 94
      },
      "total_time": {
        "mean": 11.414102711576097,
        "std": 8.51547641246076,
        "median": 9.576660394668579,
        "min": 2.40411639213562,
        "max": 37.732863903045654,
        "count": 94
      }
    }
  },
  "errors": []
}