{
  "dataset_info": {
    "split": "test",
    "total_questions": 102,
    "successful_evaluations": 102,
    "failed_evaluations": 0,
    "timestamp": "2026-02-15T11:52:16.921098"
  },
  "configuration": {
    "alpha": 0.7,
    "enable_curation": true,
    "enable_attribution": true,
    "quality_threshold": 0.1,
    "local_k": 50,
    "final_k": 10
  },
  "statistics": {
    "retrieval": {
      "recall@5": {
        "mean": 0.35294117647058826,
        "std": 0.47788461203740945,
        "median": 0.0,
        "min": 0.0,
        "max": 1.0,
        "count": 102
      },
      "recall@10": {
        "mean": 0.35294117647058826,
        "std": 0.47788461203740945,
        "median": 0.0,
        "min": 0.0,
        "max": 1.0,
        "count": 102
      },
      "precision@5": {
        "mean": 0.07647058823529412,
        "std": 0.1086246194859964,
        "median": 0.0,
        "min": 0.0,
        "max": 0.4,
        "count": 102
      },
      "precision@10": {
        "mean": 0.03823529411764706,
        "std": 0.0543123097429982,
        "median": 0.0,
        "min": 0.0,
        "max": 0.2,
        "count": 102
      },
      "f1@5": {
        "mean": 0.1246498599337902,
        "std": 0.17324539349154,
        "median": 0.0,
        "min": 0.0,
        "max": 0.5714285713877552,
        "count": 102
      },
      "f1@10": {
        "mean": 0.06862745097422755,
        "std": 0.0961947711275166,
        "median": 0.0,
        "min": 0.0,
        "max": 0.3333333333055556,
        "count": 102
      },
      "mAP": {
        "mean": 0.2706271397447868,
        "std": 0.41530999763032744,
        "median": 0.0,
        "min": 0.0,
        "max": 1.0,
        "count": 102
      },
      "nDCG@5": {
        "mean": 0.2819832102526536,
        "std": 0.4244059120239574,
        "median": 0.0,
        "min": 0.0,
        "max": 1.0,
        "count": 102
      },
      "nDCG@10": {
        "mean": 0.29103642746162617,
        "std": 0.42157995018519384,
        "median": 0.0,
        "min": 0.0,
        "max": 1.0,
        "count": 102
      },
      "iou": {
        "mean": 0.07042615662716367,
        "std": 0.07482546149320254,
        "median": 0.05604572151945858,
        "min": 0.0,
        "max": 0.33413461538461553,
        "count": 102
      },
      "temporal_precision": {
        "mean": 0.1769704892951864,
        "std": 0.19907005012882084,
        "median": 0.1275893754196764,
        "min": 0.0,
        "max": 0.7799913382416636,
        "count": 102
      },
      "temporal_recall": {
        "mean": 0.10941377791796601,
        "std": 0.10971761304197038,
        "median": 0.09224699828473394,
        "min": 0.0,
        "max": 0.4853333333333334,
        "count": 102
      },
      "temporal_f1": {
        "mean": 0.1231030956260446,
        "std": 0.12175020271075632,
        "median": 0.10613975491726235,
        "min": 0.0,
        "max": 0.500900900900901,
        "count": 102
      },
      "correct_video_rate": 0.6372549019607843
    },
    "curation": {
      "pass_rate": {
        "mean": 1.0,
        "std": 0.0,
        "median": 1.0,
        "min": 1.0,
        "max": 1.0,
        "count": 102
      },
      "reduction_rate": {
        "mean": 0.8519607843137258,
        "std": 0.05374301989672841,
        "median": 0.9,
        "min": 0.7,
        "max": 0.9,
        "count": 102
      },
      "avg_conflicts": {
        "mean": 5.8431372549019605,
        "std": 4.440776071636127,
        "median": 5.0,
        "min": 0.0,
        "max": 18.0,
        "count": 102
      }
    },
    "generation": {
      "success_rate": 1.0,
      "confidence": {
        "mean": 0.2559118251030016,
        "std": 0.1771513005071429,
        "median": 0.3,
        "min": 0.0,
        "max": 0.7857142857142857,
        "count": 102
      },
      "answer_length_words": {
        "mean": 98.81372549019608,
        "std": 68.4742302166865,
        "median": 48.0,
        "min": 20.0,
        "max": 198.0,
        "count": 102
      },
      "cost": {
        "mean": 0.00012406323529411765,
        "std": 7.998223912111357e-05,
        "median": 9.532499999999999e-05,
        "min": 0.0,
        "max": 0.00021899999999999998,
        "count": 102
      },
      "tokens_used": {
        "mean": 455.88235294117646,
        "std": 232.40394575459948,
        "median": 502.5,
        "min": 0.0,
        "max": 710.0,
        "count": 102
      }
    },
    "timing": {
      "search_time": {
        "mean": 0.6884800756678862,
        "std": 1.5898396607074128,
        "median": 0.1915266513824463,
        "min": 0.11883211135864258,
        "max": 12.899084091186523,
        "count": 102
      },
      "generation_time": {
        "mean": 10.060787635691026,
        "std": 8.8880553801364,
        "median": 7.979947924613953,
        "min": 2.0950820446014404,
        "max": 53.984317779541016,
        "count": 102
      },
      "total_time": {
        "mean": 10.749267711358911,
        "std": 9.68686430663134,
        "median": 8.202213883399963,
        "min": 2.244426965713501,
        "max": 55.03573989868164,
        "count": 102
      }
    }
  },
  "errors": []
}