{
  "dataset_info": {
    "split": "test",
    "total_questions": 102,
    "successful_evaluations": 102,
    "failed_evaluations": 0,
    "timestamp": "2026-01-27T20:26:53.341647"
  },
  "configuration": {
    "alpha": 0.3,
    "enable_curation": false,
    "enable_attribution": false,
    "quality_threshold": 0.1,
    "local_k": 50,
    "final_k": 10
  },
  "statistics": {
    "retrieval": {
      "recall@5": {
        "mean": 0.6764705882352942,
        "std": 0.467822756487849,
        "median": 1.0,
        "min": 0.0,
        "max": 1.0,
        "count": 102
      },
      "recall@10": {
        "mean": 0.6764705882352942,
        "std": 0.467822756487849,
        "median": 1.0,
        "min": 0.0,
        "max": 1.0,
        "count": 102
      },
      "precision@5": {
        "mean": 0.196078431372549,
        "std": 0.1725935771346305,
        "median": 0.2,
        "min": 0.0,
        "max": 0.6,
        "count": 102
      },
      "precision@10": {
        "mean": 0.0980392156862745,
        "std": 0.08629678856731525,
        "median": 0.1,
        "min": 0.0,
        "max": 0.3,
        "count": 102
      },
      "f1@5": {
        "mean": 0.29435107374049563,
        "std": 0.23494742734793891,
        "median": 0.3333333333055556,
        "min": 0.0,
        "max": 0.7499999999531249,
        "count": 102
      },
      "f1@10": {
        "mean": 0.16767219706956898,
        "std": 0.13919018500462613,
        "median": 0.18181818180165288,
        "min": 0.0,
        "max": 0.4615384615029585,
        "count": 102
      },
      "mAP": {
        "mean": 0.4023459383753501,
        "std": 0.38703502440966797,
        "median": 0.29166666666666663,
        "min": 0.0,
        "max": 1.0,
        "count": 102
      },
      "nDCG@5": {
        "mean": 0.43329619644201695,
        "std": 0.41173430322096666,
        "median": 0.4499776420480748,
        "min": 0.0,
        "max": 1.0,
        "count": 102
      },
      "nDCG@10": {
        "mean": 0.47575966310003726,
        "std": 0.38941866074618775,
        "median": 0.4826173607263665,
        "min": 0.0,
        "max": 1.0,
        "count": 102
      },
      "iou": {
        "mean": 0.08152898587650258,
        "std": 0.072209492853101,
        "median": 0.06665349066455867,
        "min": 0.0,
        "max": 0.27624852536374356,
        "count": 102
      },
      "temporal_precision": {
        "mean": 0.19208729267562283,
        "std": 0.18021972578130896,
        "median": 0.15731744863781877,
        "min": 0.0,
        "max": 0.7670083876980429,
        "count": 102
      },
      "temporal_recall": {
        "mean": 0.13576759247886197,
        "std": 0.12498742413210992,
        "median": 0.11839160839160875,
        "min": 0.0,
        "max": 0.5749999999999993,
        "count": 102
      },
      "temporal_f1": {
        "mean": 0.14284391148240622,
        "std": 0.11892483968338631,
        "median": 0.12497372879538513,
        "min": 0.0,
        "max": 0.4329071021414265,
        "count": 102
      },
      "correct_video_rate": 0.9705882352941176
    },
    "curation": {
      "pass_rate": {
        "mean": 0.0,
        "std": 0.0,
        "median": 0.0,
        "min": 0.0,
        "max": 0.0,
        "count": 102
      },
      "reduction_rate": {
        "mean": 0.0,
        "std": 0.0,
        "median": 0.0,
        "min": 0.0,
        "max": 0.0,
        "count": 102
      },
      "avg_conflicts": {
        "mean": 0.0,
        "std": 0.0,
        "median": 0.0,
        "min": 0.0,
        "max": 0.0,
        "count": 102
      }
    },
    "generation": {
      "success_rate": 1.0,
      "confidence": {
        "mean": 0.8252417316520777,
        "std": 0.059827632337584535,
        "median": 0.8485285264600444,
        "min": 0.7000000001,
        "max": 0.9,
        "count": 102
      },
      "answer_length_words": {
        "mean": 137.0686274509804,
        "std": 55.28859397385961,
        "median": 161.0,
        "min": 20.0,
        "max": 188.0,
        "count": 102
      },
      "cost": {
        "mean": 0.00020324852941176467,
        "std": 5.035247888823659e-05,
        "median": 0.00023062499999999998,
        "min": 9.645e-05,
        "max": 0.00023595,
        "count": 102
      },
      "tokens_used": {
        "mean": 756.1372549019608,
        "std": 83.50026878149605,
        "median": 793.5,
        "min": 562.0,
        "max": 863.0,
        "count": 102
      }
    },
    "timing": {
      "search_time": {
        "mean": 0.2722596678079343,
        "std": 0.12557025828708832,
        "median": 0.20930147171020508,
        "min": 0.13995599746704102,
        "max": 0.6852397918701172,
        "count": 102
      },
      "generation_time": {
        "mean": 5.036767660402784,
        "std": 1.9045292402575955,
        "median": 5.695459485054016,
        "min": 1.0781080722808838,
        "max": 9.46361780166626,
        "count": 102
      },
      "total_time": {
        "mean": 5.3090273282107185,
        "std": 1.924406614192161,
        "median": 5.9478079080581665,
        "min": 1.4060571193695068,
        "max": 9.836873769760132,
        "count": 102
      }
    }
  },
  "errors": []
}