{
  "dataset_info": {
    "split": "val",
    "total_questions": 94,
    "successful_evaluations": 94,
    "failed_evaluations": 0,
    "timestamp": "2026-01-27T20:17:00.934456"
  },
  "configuration": {
    "alpha": 0.3,
    "enable_curation": false,
    "enable_attribution": false,
    "quality_threshold": 0.1,
    "local_k": 50,
    "final_k": 10
  },
  "statistics": {
    "retrieval": {
      "recall@5": {
        "mean": 0.7021276595744681,
        "std": 0.4573230906426527,
        "median": 1.0,
        "min": 0.0,
        "max": 1.0,
        "count": 94
      },
      "recall@10": {
        "mean": 0.7021276595744681,
        "std": 0.4573230906426527,
        "median": 1.0,
        "min": 0.0,
        "max": 1.0,
        "count": 94
      },
      "precision@5": {
        "mean": 0.21276595744680848,
        "std": 0.20171290033176734,
        "median": 0.2,
        "min": 0.0,
        "max": 1.0,
        "count": 94
      },
      "precision@10": {
        "mean": 0.10638297872340424,
        "std": 0.10085645016588367,
        "median": 0.1,
        "min": 0.0,
        "max": 0.5,
        "count": 94
      },
      "f1@5": {
        "mean": 0.3111279972749622,
        "std": 0.24595909687005368,
        "median": 0.3333333333055556,
        "min": 0.0,
        "max": 0.99999999995,
        "count": 94
      },
      "f1@10": {
        "mean": 0.17869718932035208,
        "std": 0.150860067335953,
        "median": 0.18181818180165288,
        "min": 0.0,
        "max": 0.6666666666222222,
        "count": 94
      },
      "mAP": {
        "mean": 0.45097391084093214,
        "std": 0.40336270045137324,
        "median": 0.3333333333333333,
        "min": 0.0,
        "max": 1.0,
        "count": 94
      },
      "nDCG@5": {
        "mean": 0.46327340696267716,
        "std": 0.4192764816498707,
        "median": 0.4846393630113782,
        "min": 0.0,
        "max": 1.0,
        "count": 94
      },
      "nDCG@10": {
        "mean": 0.5224854092981974,
        "std": 0.40102524483179974,
        "median": 0.5124905166004466,
        "min": 0.0,
        "max": 1.0,
        "count": 94
      },
      "iou": {
        "mean": 0.08108377784848812,
        "std": 0.07075440274912922,
        "median": 0.06789214674137477,
        "min": 0.0,
        "max": 0.2883280757097794,
        "count": 94
      },
      "temporal_precision": {
        "mean": 0.2048398955965193,
        "std": 0.1978196421558393,
        "median": 0.1548972042353513,
        "min": 0.0,
        "max": 1.0,
        "count": 94
      },
      "temporal_recall": {
        "mean": 0.1400975362717404,
        "std": 0.13235356127943068,
        "median": 0.11856330935251794,
        "min": 0.0,
        "max": 0.6600000000000023,
        "count": 94
      },
      "temporal_f1": {
        "mean": 0.14244938333396678,
        "std": 0.11576973820085616,
        "median": 0.12715118099056175,
        "min": 0.0,
        "max": 0.44760039177277205,
        "count": 94
      },
      "correct_video_rate": 0.9574468085106383
    },
    "curation": {
      "pass_rate": {
        "mean": 0.0,
        "std": 0.0,
        "median": 0.0,
        "min": 0.0,
        "max": 0.0,
        "count": 94
      },
      "reduction_rate": {
        "mean": 0.0,
        "std": 0.0,
        "median": 0.0,
        "min": 0.0,
        "max": 0.0,
        "count": 94
      },
      "avg_conflicts": {
        "mean": 0.0,
        "std": 0.0,
        "median": 0.0,
        "min": 0.0,
        "max": 0.0,
        "count": 94
      }
    },
    "generation": {
      "success_rate": 1.0,
      "confidence": {
        "mean": 0.8246733211114308,
        "std": 0.053497869991047005,
        "median": 0.8463113370655053,
        "min": 0.7000000001,
        "max": 0.9,
        "count": 94
      },
      "answer_length_words": {
        "mean": 144.5744680851064,
        "std": 46.682606301491404,
        "median": 162.0,
        "min": 21.0,
        "max": 183.0,
        "count": 94
      },
      "cost": {
        "mean": 0.00021102765957446804,
        "std": 4.273774156523571e-05,
        "median": 0.0002316,
        "min": 9.615e-05,
        "max": 0.00023804999999999999,
        "count": 94
      },
      "tokens_used": {
        "mean": 765.936170212766,
        "std": 72.0739585441673,
        "median": 795.5,
        "min": 560.0,
        "max": 837.0,
        "count": 94
      }
    },
    "timing": {
      "search_time": {
        "mean": 0.28158710104353885,
        "std": 0.13126623940262444,
        "median": 0.2172623872756958,
        "min": 0.13099384307861328,
        "max": 0.789391279220581,
        "count": 94
      },
      "generation_time": {
        "mean": 5.352666905585756,
        "std": 1.745718398516154,
        "median": 5.745633125305176,
        "min": 0.9935140609741211,
        "max": 8.538386344909668,
        "count": 94
      },
      "total_time": {
        "mean": 5.634254006629295,
        "std": 1.7737395898156423,
        "median": 6.004619002342224,
        "min": 1.3142309188842773,
        "max": 8.809141397476196,
        "count": 94
      }
    }
  },
  "errors": []
}