{
  "dataset_info": {
    "split": "val",
    "total_questions": 94,
    "successful_evaluations": 94,
    "failed_evaluations": 0,
    "timestamp": "2026-01-28T16:04:18.512522"
  },
  "configuration": {
    "alpha": 0.3,
    "enable_curation": false,
    "enable_attribution": false,
    "quality_threshold": 0.1,
    "local_k": 50,
    "final_k": 10
  },
  "statistics": {
    "retrieval": {
      "recall@5": {
        "mean": 0.723404255319149,
        "std": 0.447314809396354,
        "median": 1.0,
        "min": 0.0,
        "max": 1.0,
        "count": 94
      },
      "recall@10": {
        "mean": 0.723404255319149,
        "std": 0.447314809396354,
        "median": 1.0,
        "min": 0.0,
        "max": 1.0,
        "count": 94
      },
      "precision@5": {
        "mean": 0.3021276595744681,
        "std": 0.3014075926291878,
        "median": 0.2,
        "min": 0.0,
        "max": 1.4,
        "count": 94
      },
      "precision@10": {
        "mean": 0.15106382978723404,
        "std": 0.1507037963145939,
        "median": 0.1,
        "min": 0.0,
        "max": 0.7,
        "count": 94
      },
      "f1@5": {
        "mean": 0.3934443216091736,
        "std": 0.31518411807877367,
        "median": 0.3333333333055556,
        "min": 0.0,
        "max": 1.1666666666180556,
        "count": 94
      },
      "f1@10": {
        "mean": 0.2359885108446369,
        "std": 0.20478271638272577,
        "median": 0.18181818180165288,
        "min": 0.0,
        "max": 0.8235294117162629,
        "count": 94
      },
      "mAP": {
        "mean": 0.43290894726685014,
        "std": 0.38942636233129363,
        "median": 0.3055555555555555,
        "min": 0.0,
        "max": 1.0,
        "count": 94
      },
      "nDCG@5": {
        "mean": 0.43186973396226347,
        "std": 0.4109138837594434,
        "median": 0.40876468265396737,
        "min": 0.0,
        "max": 1.0,
        "count": 94
      },
      "nDCG@10": {
        "mean": 0.5190452496526115,
        "std": 0.3910197510723737,
        "median": 0.4957076374216546,
        "min": 0.0,
        "max": 1.0,
        "count": 94
      },
      "iou": {
        "mean": 0.09161483112940332,
        "std": 0.07628406373251555,
        "median": 0.08880938698933272,
        "min": 0.0,
        "max": 0.3254035683942226,
        "count": 94
      },
      "temporal_precision": {
        "mean": 0.22839340853481738,
        "std": 0.21741233855016912,
        "median": 0.1730380271346927,
        "min": 0.0,
        "max": 0.9794708029197086,
        "count": 94
      },
      "temporal_recall": {
        "mean": 0.15933925278980945,
        "std": 0.14129703394572302,
        "median": 0.12819087888855366,
        "min": 0.0,
        "max": 0.6600000000000023,
        "count": 94
      },
      "temporal_f1": {
        "mean": 0.15926547745694566,
        "std": 0.123271132237478,
        "median": 0.16313037329871694,
        "min": 0.0,
        "max": 0.491025641025641,
        "count": 94
      },
      "correct_video_rate": 0.9148936170212766
    },
    "curation": {
      "pass_rate": {
        "mean": 0.0,
        "std": 0.0,
        "median": 0.0,
        "min": 0.0,
        "max": 0.0,
        "count": 94
      },
      "reduction_rate": {
        "mean": 0.0,
        "std": 0.0,
        "median": 0.0,
        "min": 0.0,
        "max": 0.0,
        "count": 94
      },
      "avg_conflicts": {
        "mean": 0.0,
        "std": 0.0,
        "median": 0.0,
        "min": 0.0,
        "max": 0.0,
        "count": 94
      }
    },
    "generation": {
      "success_rate": 1.0,
      "confidence": {
        "mean": 0.8199408095960734,
        "std": 0.05615407253886091,
        "median": 0.8432463820397587,
        "min": 0.7000000001,
        "max": 0.9,
        "count": 94
      },
      "answer_length_words": {
        "mean": 148.56382978723406,
        "std": 36.44685974583722,
        "median": 159.5,
        "min": 22.0,
        "max": 183.0,
        "count": 94
      },
      "cost": {
        "mean": 0.00021697180851063834,
        "std": 3.512916633767947e-05,
        "median": 0.000231525,
        "min": 9.659999999999999e-05,
        "max": 0.00024465,
        "count": 94
      },
      "tokens_used": {
        "mean": 776.1702127659574,
        "std": 62.30392875455449,
        "median": 796.5,
        "min": 563.0,
        "max": 881.0,
        "count": 94
      }
    },
    "timing": {
      "search_time": {
        "mean": 0.2844447759871787,
        "std": 0.14309068779493841,
        "median": 0.22999560832977295,
        "min": 0.18744897842407227,
        "max": 1.3025190830230713,
        "count": 94
      },
      "generation_time": {
        "mean": 5.334227014095225,
        "std": 1.4301904901655902,
        "median": 5.532232046127319,
        "min": 1.2245051860809326,
        "max": 10.41437292098999,
        "count": 94
      },
      "total_time": {
        "mean": 5.618671790082404,
        "std": 1.4540299025617966,
        "median": 5.782986879348755,
        "min": 1.4332761764526367,
        "max": 10.624020099639893,
        "count": 94
      }
    }
  },
  "errors": []
}