{
  "dataset_info": {
    "split": "test",
    "total_questions": 102,
    "successful_evaluations": 102,
    "failed_evaluations": 0,
    "timestamp": "2026-01-28T16:43:12.247685"
  },
  "configuration": {
    "alpha": 0.3,
    "enable_curation": false,
    "enable_attribution": false,
    "quality_threshold": 0.1,
    "local_k": 50,
    "final_k": 10
  },
  "statistics": {
    "retrieval": {
      "recall@5": {
        "mean": 0.696078431372549,
        "std": 0.45994918061725104,
        "median": 1.0,
        "min": 0.0,
        "max": 1.0,
        "count": 102
      },
      "recall@10": {
        "mean": 0.696078431372549,
        "std": 0.45994918061725104,
        "median": 1.0,
        "min": 0.0,
        "max": 1.0,
        "count": 102
      },
      "precision@5": {
        "mean": 0.28823529411764703,
        "std": 0.2679969701493419,
        "median": 0.2,
        "min": 0.0,
        "max": 1.0,
        "count": 102
      },
      "precision@10": {
        "mean": 0.14411764705882352,
        "std": 0.13399848507467094,
        "median": 0.1,
        "min": 0.0,
        "max": 0.5,
        "count": 102
      },
      "f1@5": {
        "mean": 0.3849984437956044,
        "std": 0.3072394598755276,
        "median": 0.3333333333055556,
        "min": 0.0,
        "max": 0.99999999995,
        "count": 102
      },
      "f1@10": {
        "mean": 0.22941111174562134,
        "std": 0.19380445869944488,
        "median": 0.18181818180165288,
        "min": 0.0,
        "max": 0.6666666666222222,
        "count": 102
      },
      "mAP": {
        "mean": 0.4059045284780579,
        "std": 0.3779745740627853,
        "median": 0.325,
        "min": 0.0,
        "max": 1.0,
        "count": 102
      },
      "nDCG@5": {
        "mean": 0.41913615532554305,
        "std": 0.39726875202197764,
        "median": 0.38685280723454163,
        "min": 0.0,
        "max": 1.0,
        "count": 102
      },
      "nDCG@10": {
        "mean": 0.4900870176121959,
        "std": 0.3847544531262161,
        "median": 0.5,
        "min": 0.0,
        "max": 1.0,
        "count": 102
      },
      "iou": {
        "mean": 0.09236906630620548,
        "std": 0.08071431345267704,
        "median": 0.07800665260783365,
        "min": 0.0,
        "max": 0.285377358490566,
        "count": 102
      },
      "temporal_precision": {
        "mean": 0.21344502601136367,
        "std": 0.20703921835879158,
        "median": 0.16348710206050948,
        "min": 0.0,
        "max": 0.8212765957446803,
        "count": 102
      },
      "temporal_recall": {
        "mean": 0.15006409043452296,
        "std": 0.12204825712902863,
        "median": 0.13679487179487215,
        "min": 0.0,
        "max": 0.48400000000000015,
        "count": 102
      },
      "temporal_f1": {
        "mean": 0.15951114083257673,
        "std": 0.13035591411231476,
        "median": 0.14472361427156982,
        "min": 0.0,
        "max": 0.4440366972477064,
        "count": 102
      },
      "correct_video_rate": 0.9705882352941176
    },
    "curation": {
      "pass_rate": {
        "mean": 0.0,
        "std": 0.0,
        "median": 0.0,
        "min": 0.0,
        "max": 0.0,
        "count": 102
      },
      "reduction_rate": {
        "mean": 0.0,
        "std": 0.0,
        "median": 0.0,
        "min": 0.0,
        "max": 0.0,
        "count": 102
      },
      "avg_conflicts": {
        "mean": 0.0,
        "std": 0.0,
        "median": 0.0,
        "min": 0.0,
        "max": 0.0,
        "count": 102
      }
    },
    "generation": {
      "success_rate": 1.0,
      "confidence": {
        "mean": 0.8170483006803905,
        "std": 0.06672178890408396,
        "median": 0.8422937246356663,
        "min": 0.7000000001,
        "max": 0.9,
        "count": 102
      },
      "answer_length_words": {
        "mean": 144.6078431372549,
        "std": 49.555308150955724,
        "median": 163.0,
        "min": 20.0,
        "max": 191.0,
        "count": 102
      },
      "cost": {
        "mean": 0.0002097632352941177,
        "std": 4.493875457845137e-05,
        "median": 0.00023137499999999997,
        "min": 9.75e-05,
        "max": 0.0002385,
        "count": 102
      },
      "tokens_used": {
        "mean": 767.0392156862745,
        "std": 75.12968155373244,
        "median": 796.5,
        "min": 569.0,
        "max": 840.0,
        "count": 102
      }
    },
    "timing": {
      "search_time": {
        "mean": 0.3467331470227709,
        "std": 0.1612353110584225,
        "median": 0.35868704319000244,
        "min": 0.15079092979431152,
        "max": 1.0224111080169678,
        "count": 102
      },
      "generation_time": {
        "mean": 4.904574258654725,
        "std": 1.7157951039643935,
        "median": 5.263968467712402,
        "min": 0.9008910655975342,
        "max": 7.906031847000122,
        "count": 102
      },
      "total_time": {
        "mean": 5.251307405677497,
        "std": 1.7406269129582217,
        "median": 5.617874503135681,
        "min": 1.160897970199585,
        "max": 8.099390983581543,
        "count": 102
      }
    }
  },
  "errors": []
}