{
  "dataset_info": {
    "split": "val",
    "total_questions": 94,
    "successful_evaluations": 94,
    "failed_evaluations": 0,
    "timestamp": "2026-01-25T22:42:08.406566"
  },
  "configuration": {
    "alpha": 0.3,
    "enable_curation": false,
    "enable_attribution": false,
    "quality_threshold": 0.1,
    "local_k": 50,
    "final_k": 10
  },
  "statistics": {
    "retrieval": {
      "recall@5": {
        "mean": 0.723404255319149,
        "std": 0.447314809396354,
        "median": 1.0,
        "min": 0.0,
        "max": 1.0,
        "count": 94
      },
      "recall@10": {
        "mean": 0.723404255319149,
        "std": 0.447314809396354,
        "median": 1.0,
        "min": 0.0,
        "max": 1.0,
        "count": 94
      },
      "precision@5": {
        "mean": 0.3,
        "std": 0.30141510219261947,
        "median": 0.2,
        "min": 0.0,
        "max": 1.4,
        "count": 94
      },
      "precision@10": {
        "mean": 0.15,
        "std": 0.15070755109630973,
        "median": 0.1,
        "min": 0.0,
        "max": 0.7,
        "count": 94
      },
      "f1@5": {
        "mean": 0.3909113935444693,
        "std": 0.3146999333848757,
        "median": 0.3333333333055556,
        "min": 0.0,
        "max": 1.1666666666180556,
        "count": 94
      },
      "f1@10": {
        "mean": 0.23437664753076562,
        "std": 0.2046063817277212,
        "median": 0.18181818180165288,
        "min": 0.0,
        "max": 0.8235294117162629,
        "count": 94
      },
      "mAP": {
        "mean": 0.4345511289622233,
        "std": 0.38957039296094315,
        "median": 0.3333333333333333,
        "min": 0.0,
        "max": 1.0,
        "count": 94
      },
      "nDCG@5": {
        "mean": 0.4384464361538826,
        "std": 0.4088454577078156,
        "median": 0.43067655807339306,
        "min": 0.0,
        "max": 1.0,
        "count": 94
      },
      "nDCG@10": {
        "mean": 0.5198736076041058,
        "std": 0.39123641461975245,
        "median": 0.5,
        "min": 0.0,
        "max": 1.0,
        "count": 94
      },
      "iou": {
        "mean": 0.09086755754802175,
        "std": 0.07517407281718119,
        "median": 0.08880938698933272,
        "min": 0.0,
        "max": 0.3254035683942226,
        "count": 94
      },
      "temporal_precision": {
        "mean": 0.2275196295981599,
        "std": 0.2166576949405017,
        "median": 0.1730380271346927,
        "min": 0.0,
        "max": 0.9794708029197086,
        "count": 94
      },
      "temporal_recall": {
        "mean": 0.15825739198923244,
        "std": 0.14023004291713181,
        "median": 0.12819087888855366,
        "min": 0.0,
        "max": 0.6600000000000023,
        "count": 94
      },
      "temporal_f1": {
        "mean": 0.15823673236623603,
        "std": 0.121719792835885,
        "median": 0.16313037329871694,
        "min": 0.0,
        "max": 0.491025641025641,
        "count": 94
      },
      "correct_video_rate": 0.9148936170212766
    },
    "curation": {
      "pass_rate": {
        "mean": 0.0,
        "std": 0.0,
        "median": 0.0,
        "min": 0.0,
        "max": 0.0,
        "count": 94
      },
      "reduction_rate": {
        "mean": 0.0,
        "std": 0.0,
        "median": 0.0,
        "min": 0.0,
        "max": 0.0,
        "count": 94
      },
      "avg_conflicts": {
        "mean": 0.0,
        "std": 0.0,
        "median": 0.0,
        "min": 0.0,
        "max": 0.0,
        "count": 94
      }
    },
    "generation": {
      "success_rate": 1.0,
      "confidence": {
        "mean": 0.819711688133703,
        "std": 0.056383245845245664,
        "median": 0.8432463820397587,
        "min": 0.7000000001,
        "max": 0.9,
        "count": 94
      },
      "answer_length_words": {
        "mean": 149.09574468085106,
        "std": 38.221657319839466,
        "median": 160.0,
        "min": 22.0,
        "max": 188.0,
        "count": 94
      },
      "cost": {
        "mean": 0.00021717606382978724,
        "std": 3.577072136324608e-05,
        "median": 0.00023145,
        "min": 9.659999999999999e-05,
        "max": 0.00024465,
        "count": 94
      },
      "tokens_used": {
        "mean": 776.5425531914893,
        "std": 63.00348941596486,
        "median": 794.0,
        "min": 563.0,
        "max": 881.0,
        "count": 94
      }
    },
    "timing": {
      "search_time": {
        "mean": 0.2999665787879457,
        "std": 0.27760904512510187,
        "median": 0.20213210582733154,
        "min": 0.14707183837890625,
        "max": 2.1739017963409424,
        "count": 94
      },
      "generation_time": {
        "mean": 5.645520205193377,
        "std": 1.5513144416014093,
        "median": 5.790943145751953,
        "min": 1.2442560195922852,
        "max": 8.645467758178711,
        "count": 94
      },
      "total_time": {
        "mean": 5.945486783981323,
        "std": 1.5650608456582296,
        "median": 6.109756708145142,
        "min": 1.4398200511932373,
        "max": 8.832623720169067,
        "count": 94
      }
    }
  },
  "errors": []
}