{
  "dataset_info": {
    "split": "test",
    "total_questions": 102,
    "successful_evaluations": 102,
    "failed_evaluations": 0,
    "timestamp": "2026-01-25T22:51:31.517713"
  },
  "configuration": {
    "alpha": 0.3,
    "enable_curation": false,
    "enable_attribution": false,
    "quality_threshold": 0.1,
    "local_k": 50,
    "final_k": 10
  },
  "statistics": {
    "retrieval": {
      "recall@5": {
        "mean": 0.696078431372549,
        "std": 0.45994918061725104,
        "median": 1.0,
        "min": 0.0,
        "max": 1.0,
        "count": 102
      },
      "recall@10": {
        "mean": 0.696078431372549,
        "std": 0.45994918061725104,
        "median": 1.0,
        "min": 0.0,
        "max": 1.0,
        "count": 102
      },
      "precision@5": {
        "mean": 0.28823529411764703,
        "std": 0.2679969701493419,
        "median": 0.2,
        "min": 0.0,
        "max": 1.0,
        "count": 102
      },
      "precision@10": {
        "mean": 0.14411764705882352,
        "std": 0.13399848507467094,
        "median": 0.1,
        "min": 0.0,
        "max": 0.5,
        "count": 102
      },
      "f1@5": {
        "mean": 0.3849984437956044,
        "std": 0.3072394598755276,
        "median": 0.3333333333055556,
        "min": 0.0,
        "max": 0.99999999995,
        "count": 102
      },
      "f1@10": {
        "mean": 0.22941111174562134,
        "std": 0.19380445869944488,
        "median": 0.18181818180165288,
        "min": 0.0,
        "max": 0.6666666666222222,
        "count": 102
      },
      "mAP": {
        "mean": 0.4015355586679117,
        "std": 0.37647548317944196,
        "median": 0.325,
        "min": 0.0,
        "max": 1.0,
        "count": 102
      },
      "nDCG@5": {
        "mean": 0.41165770152916364,
        "std": 0.3964405528738928,
        "median": 0.38685280723454163,
        "min": 0.0,
        "max": 1.0,
        "count": 102
      },
      "nDCG@10": {
        "mean": 0.4864405650939583,
        "std": 0.3827767375826736,
        "median": 0.5,
        "min": 0.0,
        "max": 1.0,
        "count": 102
      },
      "iou": {
        "mean": 0.09304093376548896,
        "std": 0.08022197371750711,
        "median": 0.0760724312328208,
        "min": 0.0,
        "max": 0.2969187675070027,
        "count": 102
      },
      "temporal_precision": {
        "mean": 0.21496940975306592,
        "std": 0.207662222206697,
        "median": 0.16348710206050948,
        "min": 0.0,
        "max": 0.8404558404558399,
        "count": 102
      },
      "temporal_recall": {
        "mean": 0.15174290566872636,
        "std": 0.12312041318260382,
        "median": 0.13679487179487215,
        "min": 0.0,
        "max": 0.53,
        "count": 102
      },
      "temporal_f1": {
        "mean": 0.16075452855829347,
        "std": 0.12961549050596058,
        "median": 0.14138531368024862,
        "min": 0.0,
        "max": 0.4578833693304534,
        "count": 102
      },
      "correct_video_rate": 0.9705882352941176
    },
    "curation": {
      "pass_rate": {
        "mean": 0.0,
        "std": 0.0,
        "median": 0.0,
        "min": 0.0,
        "max": 0.0,
        "count": 102
      },
      "reduction_rate": {
        "mean": 0.0,
        "std": 0.0,
        "median": 0.0,
        "min": 0.0,
        "max": 0.0,
        "count": 102
      },
      "avg_conflicts": {
        "mean": 0.0,
        "std": 0.0,
        "median": 0.0,
        "min": 0.0,
        "max": 0.0,
        "count": 102
      }
    },
    "generation": {
      "success_rate": 1.0,
      "confidence": {
        "mean": 0.8170930378598648,
        "std": 0.0667108961137779,
        "median": 0.8425791517874355,
        "min": 0.7000000001,
        "max": 0.9,
        "count": 102
      },
      "answer_length_words": {
        "mean": 145.09803921568627,
        "std": 48.605355511410664,
        "median": 162.0,
        "min": 20.0,
        "max": 193.0,
        "count": 102
      },
      "cost": {
        "mean": 0.0002101808823529412,
        "std": 4.3881282045165166e-05,
        "median": 0.00023107499999999997,
        "min": 9.93e-05,
        "max": 0.0002385,
        "count": 102
      },
      "tokens_used": {
        "mean": 768.3235294117648,
        "std": 72.16839808157654,
        "median": 796.5,
        "min": 581.0,
        "max": 840.0,
        "count": 102
      }
    },
    "timing": {
      "search_time": {
        "mean": 0.23194348578359567,
        "std": 0.12662785499708382,
        "median": 0.19160056114196777,
        "min": 0.14766621589660645,
        "max": 1.136253833770752,
        "count": 102
      },
      "generation_time": {
        "mean": 4.7643542102738925,
        "std": 1.5762292706915872,
        "median": 5.120429992675781,
        "min": 1.0467090606689453,
        "max": 7.942785024642944,
        "count": 102
      },
      "total_time": {
        "mean": 4.996297696057488,
        "std": 1.5833040302649402,
        "median": 5.313342332839966,
        "min": 1.2236347198486328,
        "max": 8.293299913406372,
        "count": 102
      }
    }
  },
  "errors": []
}