{
  "dataset_info": {
    "split": "test",
    "total_questions": 102,
    "successful_evaluations": 102,
    "failed_evaluations": 0,
    "timestamp": "2026-02-15T12:59:59.453236"
  },
  "configuration": {
    "alpha": 0.3,
    "enable_curation": false,
    "enable_attribution": false,
    "quality_threshold": 0.1,
    "local_k": 50,
    "final_k": 10
  },
  "statistics": {
    "retrieval": {
      "recall@5": {
        "mean": 0.6666666666666666,
        "std": 0.4714045207910317,
        "median": 1.0,
        "min": 0.0,
        "max": 1.0,
        "count": 102
      },
      "recall@10": {
        "mean": 0.6666666666666666,
        "std": 0.4714045207910317,
        "median": 1.0,
        "min": 0.0,
        "max": 1.0,
        "count": 102
      },
      "precision@5": {
        "mean": 0.24705882352941175,
        "std": 0.256945054915783,
        "median": 0.2,
        "min": 0.0,
        "max": 1.4,
        "count": 102
      },
      "precision@10": {
        "mean": 0.12352941176470587,
        "std": 0.1284725274578915,
        "median": 0.1,
        "min": 0.0,
        "max": 0.7,
        "count": 102
      },
      "f1@5": {
        "mean": 0.3376906317845038,
        "std": 0.2929936823975108,
        "median": 0.3333333333055556,
        "min": 0.0,
        "max": 1.1666666666180556,
        "count": 102
      },
      "f1@10": {
        "mean": 0.19908542052247744,
        "std": 0.18419998203445384,
        "median": 0.18181818180165288,
        "min": 0.0,
        "max": 0.8235294117162629,
        "count": 102
      },
      "mAP": {
        "mean": 0.28946376698827686,
        "std": 0.3364460127544392,
        "median": 0.16666666666666666,
        "min": 0.0,
        "max": 1.0,
        "count": 102
      },
      "nDCG@5": {
        "mean": 0.27340601700121464,
        "std": 0.3708610263819552,
        "median": 0.0,
        "min": 0.0,
        "max": 1.0,
        "count": 102
      },
      "nDCG@10": {
        "mean": 0.38597467036244626,
        "std": 0.3453430932550407,
        "median": 0.36343643875467035,
        "min": 0.0,
        "max": 1.0,
        "count": 102
      },
      "iou": {
        "mean": 0.09299225180627978,
        "std": 0.07638808202857957,
        "median": 0.08051782851738665,
        "min": 0.0,
        "max": 0.3066666666666666,
        "count": 102
      },
      "temporal_precision": {
        "mean": 0.2081956864943357,
        "std": 0.19550918693068475,
        "median": 0.16779099023043753,
        "min": 0.0,
        "max": 0.8844566712517189,
        "count": 102
      },
      "temporal_recall": {
        "mean": 0.16128631711918348,
        "std": 0.1384926701537107,
        "median": 0.143717317165593,
        "min": 0.0,
        "max": 0.613913043478261,
        "count": 102
      },
      "temporal_f1": {
        "mean": 0.16147979632632406,
        "std": 0.12454250144239597,
        "median": 0.1490353375698482,
        "min": 0.0,
        "max": 0.4693877551020408,
        "count": 102
      },
      "correct_video_rate": 0.9313725490196079
    },
    "curation": {
      "pass_rate": {
        "mean": 0.0,
        "std": 0.0,
        "median": 0.0,
        "min": 0.0,
        "max": 0.0,
        "count": 102
      },
      "reduction_rate": {
        "mean": 0.0,
        "std": 0.0,
        "median": 0.0,
        "min": 0.0,
        "max": 0.0,
        "count": 102
      },
      "avg_conflicts": {
        "mean": 0.0,
        "std": 0.0,
        "median": 0.0,
        "min": 0.0,
        "max": 0.0,
        "count": 102
      }
    },
    "generation": {
      "success_rate": 1.0,
      "confidence": {
        "mean": 0.4547357274437748,
        "std": 0.2957492932384769,
        "median": 0.5332187272964464,
        "min": 0.0,
        "max": 0.8366073805207221,
        "count": 102
      },
      "answer_length_words": {
        "mean": 106.58823529411765,
        "std": 61.520975689816474,
        "median": 143.5,
        "min": 19.0,
        "max": 193.0,
        "count": 102
      },
      "cost": {
        "mean": 0.00014393235294117646,
        "std": 9.82113251843374e-05,
        "median": 0.00020564999999999998,
        "min": 0.0,
        "max": 0.00023729999999999997,
        "count": 102
      },
      "tokens_used": {
        "mean": 546.8137254901961,
        "std": 336.90764226929326,
        "median": 767.5,
        "min": 0.0,
        "max": 832.0,
        "count": 102
      }
    },
    "timing": {
      "search_time": {
        "mean": 0.27764250717911065,
        "std": 0.1816063663199335,
        "median": 0.22151315212249756,
        "min": 0.14046216011047363,
        "max": 1.5512080192565918,
        "count": 102
      },
      "generation_time": {
        "mean": 2.6832048892974854,
        "std": 2.1466066747020123,
        "median": 3.6626641750335693,
        "min": 7.987022399902344e-05,
        "max": 7.126738786697388,
        "count": 102
      },
      "total_time": {
        "mean": 2.9608473964765962,
        "std": 2.1638776856709514,
        "median": 4.044541001319885,
        "min": 0.14303278923034668,
        "max": 7.3635077476501465,
        "count": 102
      }
    }
  },
  "errors": []
}