{
  "dataset_info": {
    "split": "val",
    "total_questions": 94,
    "successful_evaluations": 94,
    "failed_evaluations": 0,
    "timestamp": "2026-02-15T12:59:22.688580"
  },
  "configuration": {
    "alpha": 0.3,
    "enable_curation": false,
    "enable_attribution": false,
    "quality_threshold": 0.1,
    "local_k": 50,
    "final_k": 10
  },
  "statistics": {
    "retrieval": {
      "recall@5": {
        "mean": 0.6170212765957447,
        "std": 0.4861131769700367,
        "median": 1.0,
        "min": 0.0,
        "max": 1.0,
        "count": 94
      },
      "recall@10": {
        "mean": 0.6170212765957447,
        "std": 0.4861131769700367,
        "median": 1.0,
        "min": 0.0,
        "max": 1.0,
        "count": 94
      },
      "precision@5": {
        "mean": 0.2361702127659574,
        "std": 0.24401389210094704,
        "median": 0.2,
        "min": 0.0,
        "max": 1.2,
        "count": 94
      },
      "precision@10": {
        "mean": 0.1180851063829787,
        "std": 0.12200694605047352,
        "median": 0.1,
        "min": 0.0,
        "max": 0.6,
        "count": 94
      },
      "f1@5": {
        "mean": 0.32497083292671636,
        "std": 0.29586045617336515,
        "median": 0.3333333333055556,
        "min": 0.0,
        "max": 1.090909090859504,
        "count": 94
      },
      "f1@10": {
        "mean": 0.1914902473256592,
        "std": 0.18240493730890006,
        "median": 0.18181818180165288,
        "min": 0.0,
        "max": 0.7499999999531249,
        "count": 94
      },
      "mAP": {
        "mean": 0.3100420043904087,
        "std": 0.3550000471403239,
        "median": 0.16696428571428573,
        "min": 0.0,
        "max": 1.0,
        "count": 94
      },
      "nDCG@5": {
        "mean": 0.2974792342976248,
        "std": 0.37801692352740346,
        "median": 0.0,
        "min": 0.0,
        "max": 1.0,
        "count": 94
      },
      "nDCG@10": {
        "mean": 0.3938756207272313,
        "std": 0.3705747007131947,
        "median": 0.3743338953990788,
        "min": 0.0,
        "max": 1.0,
        "count": 94
      },
      "iou": {
        "mean": 0.08444898365830862,
        "std": 0.07244330148268817,
        "median": 0.08532899480135106,
        "min": 0.0,
        "max": 0.2707926591175323,
        "count": 94
      },
      "temporal_precision": {
        "mean": 0.19604968130682635,
        "std": 0.19792245907158224,
        "median": 0.14508348794063097,
        "min": 0.0,
        "max": 0.8695324283559572,
        "count": 94
      },
      "temporal_recall": {
        "mean": 0.15593204789132262,
        "std": 0.14483984811285625,
        "median": 0.12417777777777807,
        "min": 0.0,
        "max": 0.6600000000000023,
        "count": 94
      },
      "temporal_f1": {
        "mean": 0.147758267691719,
        "std": 0.11984181714676724,
        "median": 0.15724066171158826,
        "min": 0.0,
        "max": 0.4261791365801199,
        "count": 94
      },
      "correct_video_rate": 0.8723404255319149
    },
    "curation": {
      "pass_rate": {
        "mean": 0.0,
        "std": 0.0,
        "median": 0.0,
        "min": 0.0,
        "max": 0.0,
        "count": 94
      },
      "reduction_rate": {
        "mean": 0.0,
        "std": 0.0,
        "median": 0.0,
        "min": 0.0,
        "max": 0.0,
        "count": 94
      },
      "avg_conflicts": {
        "mean": 0.0,
        "std": 0.0,
        "median": 0.0,
        "min": 0.0,
        "max": 0.0,
        "count": 94
      }
    },
    "generation": {
      "success_rate": 1.0,
      "confidence": {
        "mean": 0.462936247583385,
        "std": 0.2933492602927406,
        "median": 0.5690667514660166,
        "min": 0.0,
        "max": 0.8250814414417746,
        "count": 94
      },
      "answer_length_words": {
        "mean": 103.1063829787234,
        "std": 58.95282428495242,
        "median": 137.0,
        "min": 22.0,
        "max": 181.0,
        "count": 94
      },
      "cost": {
        "mean": 0.00014577287234042555,
        "std": 9.83096894276789e-05,
        "median": 0.000212325,
        "min": 0.0,
        "max": 0.00023639999999999997,
        "count": 94
      },
      "tokens_used": {
        "mean": 553.5106382978723,
        "std": 333.89215817548325,
        "median": 766.0,
        "min": 0.0,
        "max": 826.0,
        "count": 94
      }
    },
    "timing": {
      "search_time": {
        "mean": 0.28301317387438835,
        "std": 0.16965640860957257,
        "median": 0.244858980178833,
        "min": 0.14035391807556152,
        "max": 1.3840460777282715,
        "count": 94
      },
      "generation_time": {
        "mean": 2.719014286994934,
        "std": 2.1375330638556416,
        "median": 3.587672472000122,
        "min": 7.581710815429688e-05,
        "max": 7.3136069774627686,
        "count": 94
      },
      "total_time": {
        "mean": 3.0020274608693223,
        "std": 2.1770814981847884,
        "median": 3.827641487121582,
        "min": 0.14115524291992188,
        "max": 7.534946918487549,
        "count": 94
      }
    }
  },
  "errors": []
}