{
  "dataset_info": {
    "split": "val",
    "total_questions": 94,
    "successful_evaluations": 94,
    "failed_evaluations": 0,
    "timestamp": "2026-02-15T12:16:01.301613"
  },
  "configuration": {
    "alpha": 0.3,
    "enable_curation": true,
    "enable_attribution": true,
    "quality_threshold": 0.1,
    "local_k": 50,
    "final_k": 10
  },
  "statistics": {
    "retrieval": {
      "recall@5": {
        "mean": 0.5106382978723404,
        "std": 0.49988681380726513,
        "median": 1.0,
        "min": 0.0,
        "max": 1.0,
        "count": 94
      },
      "recall@10": {
        "mean": 0.5106382978723404,
        "std": 0.49988681380726513,
        "median": 1.0,
        "min": 0.0,
        "max": 1.0,
        "count": 94
      },
      "precision@5": {
        "mean": 0.17872340425531913,
        "std": 0.23423589692804908,
        "median": 0.2,
        "min": 0.0,
        "max": 1.2,
        "count": 94
      },
      "precision@10": {
        "mean": 0.08936170212765956,
        "std": 0.11711794846402454,
        "median": 0.1,
        "min": 0.0,
        "max": 0.6,
        "count": 94
      },
      "f1@5": {
        "mean": 0.24868748271223212,
        "std": 0.2818715143410463,
        "median": 0.3333333333055556,
        "min": 0.0,
        "max": 1.090909090859504,
        "count": 94
      },
      "f1@10": {
        "mean": 0.14558225461281654,
        "std": 0.1736227425461178,
        "median": 0.18181818180165288,
        "min": 0.0,
        "max": 0.7499999999531249,
        "count": 94
      },
      "mAP": {
        "mean": 0.27700270178993586,
        "std": 0.3652396145928335,
        "median": 0.1,
        "min": 0.0,
        "max": 1.0,
        "count": 94
      },
      "nDCG@5": {
        "mean": 0.27509601706247644,
        "std": 0.3816808659417961,
        "median": 0.0,
        "min": 0.0,
        "max": 1.0,
        "count": 94
      },
      "nDCG@10": {
        "mean": 0.340036177398521,
        "std": 0.3838803218006643,
        "median": 0.2890648263178879,
        "min": 0.0,
        "max": 1.0,
        "count": 94
      },
      "iou": {
        "mean": 0.07678437044971405,
        "std": 0.07153061773942387,
        "median": 0.062248627018639854,
        "min": 0.0,
        "max": 0.29679420889348496,
        "count": 94
      },
      "temporal_precision": {
        "mean": 0.18756254922484653,
        "std": 0.20875488847997656,
        "median": 0.11485161509315539,
        "min": 0.0,
        "max": 0.933070866141733,
        "count": 94
      },
      "temporal_recall": {
        "mean": 0.14136875269591284,
        "std": 0.14554324808070637,
        "median": 0.1085818624467437,
        "min": 0.0,
        "max": 0.82,
        "count": 94
      },
      "temporal_f1": {
        "mean": 0.13481511931437826,
        "std": 0.11781135685266898,
        "median": 0.11720004523351797,
        "min": 0.0,
        "max": 0.45773524720893133,
        "count": 94
      },
      "correct_video_rate": 0.851063829787234
    },
    "curation": {
      "pass_rate": {
        "mean": 1.0,
        "std": 0.0,
        "median": 1.0,
        "min": 1.0,
        "max": 1.0,
        "count": 94
      },
      "reduction_rate": {
        "mean": 0.8744680851063833,
        "std": 0.04360404581259402,
        "median": 0.9,
        "min": 0.8,
        "max": 0.9,
        "count": 94
      },
      "avg_conflicts": {
        "mean": 6.4787234042553195,
        "std": 5.014295995227058,
        "median": 6.0,
        "min": 0.0,
        "max": 24.0,
        "count": 94
      }
    },
    "generation": {
      "success_rate": 1.0,
      "confidence": {
        "mean": 0.30434097817076544,
        "std": 0.1554427789622403,
        "median": 0.3,
        "min": 0.0,
        "max": 0.7749999999999999,
        "count": 94
      },
      "answer_length_words": {
        "mean": 107.19148936170212,
        "std": 70.31589460393727,
        "median": 147.0,
        "min": 22.0,
        "max": 186.0,
        "count": 94
      },
      "cost": {
        "mean": 0.00013630212765957446,
        "std": 7.362451636762501e-05,
        "median": 0.00018389999999999997,
        "min": 0.0,
        "max": 0.0002184,
        "count": 94
      },
      "tokens_used": {
        "mean": 483.09574468085106,
        "std": 186.76410591569248,
        "median": 570.5,
        "min": 0.0,
        "max": 706.0,
        "count": 94
      }
    },
    "timing": {
      "search_time": {
        "mean": 0.2159585673758324,
        "std": 0.0933157123584033,
        "median": 0.18866515159606934,
        "min": 0.13986492156982422,
        "max": 0.6771712303161621,
        "count": 94
      },
      "generation_time": {
        "mean": 7.243153470627805,
        "std": 3.235242705361408,
        "median": 8.593677997589111,
        "min": 2.060034990310669,
        "max": 13.916632175445557,
        "count": 94
      },
      "total_time": {
        "mean": 7.459112038003638,
        "std": 3.253592880109733,
        "median": 8.769420981407166,
        "min": 2.216087818145752,
        "max": 14.104250192642212,
        "count": 94
      }
    }
  },
  "errors": []
}