{
  "dataset_info": {
    "split": "test",
    "total_questions": 102,
    "successful_evaluations": 102,
    "failed_evaluations": 0,
    "timestamp": "2026-02-15T12:26:32.300251"
  },
  "configuration": {
    "alpha": 0.3,
    "enable_curation": true,
    "enable_attribution": true,
    "quality_threshold": 0.1,
    "local_k": 50,
    "final_k": 10
  },
  "statistics": {
    "retrieval": {
      "recall@5": {
        "mean": 0.6176470588235294,
        "std": 0.4859621071134796,
        "median": 1.0,
        "min": 0.0,
        "max": 1.0,
        "count": 102
      },
      "recall@10": {
        "mean": 0.6176470588235294,
        "std": 0.4859621071134796,
        "median": 1.0,
        "min": 0.0,
        "max": 1.0,
        "count": 102
      },
      "precision@5": {
        "mean": 0.2235294117647058,
        "std": 0.23646766167343272,
        "median": 0.2,
        "min": 0.0,
        "max": 1.0,
        "count": 102
      },
      "precision@10": {
        "mean": 0.1117647058823529,
        "std": 0.11823383083671636,
        "median": 0.1,
        "min": 0.0,
        "max": 0.5,
        "count": 102
      },
      "f1@5": {
        "mean": 0.31084656082444717,
        "std": 0.28773735921253807,
        "median": 0.3333333333055556,
        "min": 0.0,
        "max": 0.99999999995,
        "count": 102
      },
      "f1@10": {
        "mean": 0.18231441759354028,
        "std": 0.17745167373557214,
        "median": 0.18181818180165288,
        "min": 0.0,
        "max": 0.6666666666222222,
        "count": 102
      },
      "mAP": {
        "mean": 0.2766213429816371,
        "std": 0.3501750704886047,
        "median": 0.13392857142857142,
        "min": 0.0,
        "max": 1.0,
        "count": 102
      },
      "nDCG@5": {
        "mean": 0.24829057549778286,
        "std": 0.3790678375037674,
        "median": 0.0,
        "min": 0.0,
        "max": 1.0,
        "count": 102
      },
      "nDCG@10": {
        "mean": 0.36370535003834137,
        "std": 0.3592951781855295,
        "median": 0.32439910505953107,
        "min": 0.0,
        "max": 1.0,
        "count": 102
      },
      "iou": {
        "mean": 0.0904119842372186,
        "std": 0.08353810307414594,
        "median": 0.07494588341710672,
        "min": 0.0,
        "max": 0.403481012658228,
        "count": 102
      },
      "temporal_precision": {
        "mean": 0.2034419647708466,
        "std": 0.1987834053048538,
        "median": 0.15792704720552816,
        "min": 0.0,
        "max": 0.7758620689655179,
        "count": 102
      },
      "temporal_recall": {
        "mean": 0.15371696620650338,
        "std": 0.14164729503975124,
        "median": 0.13947333916083957,
        "min": 0.0,
        "max": 0.5749999999999993,
        "count": 102
      },
      "temporal_f1": {
        "mean": 0.1556224899595884,
        "std": 0.13383398545973213,
        "median": 0.13944100061889228,
        "min": 0.0,
        "max": 0.5749718151071027,
        "count": 102
      },
      "correct_video_rate": 0.9215686274509803
    },
    "curation": {
      "pass_rate": {
        "mean": 0.9941176470588236,
        "std": 0.03657795707093654,
        "median": 1.0,
        "min": 0.7,
        "max": 1.0,
        "count": 102
      },
      "reduction_rate": {
        "mean": 0.8764705882352946,
        "std": 0.04241825029957634,
        "median": 0.9,
        "min": 0.8,
        "max": 0.9,
        "count": 102
      },
      "avg_conflicts": {
        "mean": 6.637254901960785,
        "std": 6.450093806410538,
        "median": 5.0,
        "min": 0.0,
        "max": 32.0,
        "count": 102
      }
    },
    "generation": {
      "success_rate": 1.0,
      "confidence": {
        "mean": 0.3337188138658726,
        "std": 0.1517291822010888,
        "median": 0.3,
        "min": 0.0,
        "max": 0.75,
        "count": 102
      },
      "answer_length_words": {
        "mean": 140.47058823529412,
        "std": 60.38645249351893,
        "median": 168.0,
        "min": 19.0,
        "max": 197.0,
        "count": 102
      },
      "cost": {
        "mean": 0.0001715794117647059,
        "std": 5.303180249741251e-05,
        "median": 0.00019987499999999997,
        "min": 6.525e-05,
        "max": 0.00021854999999999997,
        "count": 102
      },
      "tokens_used": {
        "mean": 564.6274509803922,
        "std": 100.28321869747714,
        "median": 589.0,
        "min": 361.0,
        "max": 707.0,
        "count": 102
      }
    },
    "timing": {
      "search_time": {
        "mean": 0.23490038806316899,
        "std": 0.20781824100950233,
        "median": 0.1925114393234253,
        "min": 0.14293289184570312,
        "max": 1.7284140586853027,
        "count": 102
      },
      "generation_time": {
        "mean": 8.216888848473044,
        "std": 2.473888910313085,
        "median": 8.723688006401062,
        "min": 3.668980836868286,
        "max": 14.589850902557373,
        "count": 102
      },
      "total_time": {
        "mean": 8.451789236536213,
        "std": 2.463403518762909,
        "median": 8.90369999408722,
        "min": 3.8524866104125977,
        "max": 14.776496887207031,
        "count": 102
      }
    }
  },
  "errors": []
}