{
  "dataset_info": {
    "split": "test",
    "total_questions": 102,
    "successful_evaluations": 102,
    "failed_evaluations": 0,
    "timestamp": "2026-01-24T23:56:46.848699"
  },
  "configuration": {
    "alpha": 0.3,
    "enable_curation": true,
    "enable_attribution": true,
    "quality_threshold": 0.1,
    "local_k": 50,
    "final_k": 10
  },
  "statistics": {
    "retrieval": {
      "recall@5": {
        "mean": 0.37254901960784315,
        "std": 0.48348345121325303,
        "median": 0.0,
        "min": 0.0,
        "max": 1.0,
        "count": 102
      },
      "recall@10": {
        "mean": 0.37254901960784315,
        "std": 0.48348345121325303,
        "median": 0.0,
        "min": 0.0,
        "max": 1.0,
        "count": 102
      },
      "precision@5": {
        "mean": 0.08823529411764706,
        "std": 0.1270279555823178,
        "median": 0.0,
        "min": 0.0,
        "max": 0.6,
        "count": 102
      },
      "precision@10": {
        "mean": 0.04411764705882353,
        "std": 0.0635139777911589,
        "median": 0.0,
        "min": 0.0,
        "max": 0.3,
        "count": 102
      },
      "f1@5": {
        "mean": 0.13993930904578117,
        "std": 0.1918241017649901,
        "median": 0.0,
        "min": 0.0,
        "max": 0.7499999999531249,
        "count": 102
      },
      "f1@10": {
        "mean": 0.07790575436944733,
        "std": 0.10879713433688039,
        "median": 0.0,
        "min": 0.0,
        "max": 0.4615384615029585,
        "count": 102
      },
      "mAP": {
        "mean": 0.22975023342670398,
        "std": 0.3736334519112683,
        "median": 0.0,
        "min": 0.0,
        "max": 1.0,
        "count": 102
      },
      "nDCG@5": {
        "mean": 0.23772044655273536,
        "std": 0.39048019361096103,
        "median": 0.0,
        "min": 0.0,
        "max": 1.0,
        "count": 102
      },
      "nDCG@10": {
        "mean": 0.2648958492772643,
        "std": 0.3852279468678583,
        "median": 0.0,
        "min": 0.0,
        "max": 1.0,
        "count": 102
      },
      "iou": {
        "mean": 0.06008205562469054,
        "std": 0.06550548373066263,
        "median": 0.042809934556256576,
        "min": 0.0,
        "max": 0.2949834162520731,
        "count": 102
      },
      "temporal_precision": {
        "mean": 0.15606691281939597,
        "std": 0.18165577780870062,
        "median": 0.09954953718808329,
        "min": 0.0,
        "max": 0.7760149323378427,
        "count": 102
      },
      "temporal_recall": {
        "mean": 0.09653247190459759,
        "std": 0.10210863412685205,
        "median": 0.07163101604278092,
        "min": 0.0,
        "max": 0.48624999999999985,
        "count": 102
      },
      "temporal_f1": {
        "mean": 0.10665873318986907,
        "std": 0.10866430523443801,
        "median": 0.0821049495918009,
        "min": 0.0,
        "max": 0.4555786777653275,
        "count": 102
      },
      "correct_video_rate": 0.7352941176470589
    },
    "curation": {
      "pass_rate": {
        "mean": 1.0,
        "std": 0.0,
        "median": 1.0,
        "min": 1.0,
        "max": 1.0,
        "count": 102
      },
      "reduction_rate": {
        "mean": 0.8539215686274514,
        "std": 0.05543335271853795,
        "median": 0.9,
        "min": 0.7,
        "max": 0.9,
        "count": 102
      },
      "avg_conflicts": {
        "mean": 4.901960784313726,
        "std": 4.273745209545042,
        "median": 4.0,
        "min": 0.0,
        "max": 18.0,
        "count": 102
      }
    },
    "generation": {
      "success_rate": 1.0,
      "confidence": {
        "mean": 0.2853546793620323,
        "std": 0.15718848268492527,
        "median": 0.3,
        "min": 0.0,
        "max": 0.7999999999999999,
        "count": 102
      },
      "answer_length_words": {
        "mean": 114.82352941176471,
        "std": 70.85879520660428,
        "median": 160.5,
        "min": 19.0,
        "max": 189.0,
        "count": 102
      },
      "cost": {
        "mean": 0.00015352647058823528,
        "std": 6.0880374790256305e-05,
        "median": 0.00019079999999999998,
        "min": 6.494999999999999e-05,
        "max": 0.0002187,
        "count": 102
      },
      "tokens_used": {
        "mean": 552.3333333333334,
        "std": 112.39551429655424,
        "median": 572.5,
        "min": 364.0,
        "max": 775.0,
        "count": 102
      }
    },
    "timing": {
      "search_time": {
        "mean": 0.1552992311178469,
        "std": 0.13196586205369323,
        "median": 0.13996505737304688,
        "min": 0.10811924934387207,
        "max": 1.4410431385040283,
        "count": 102
      },
      "generation_time": {
        "mean": 7.9616795801648905,
        "std": 3.1773945257265175,
        "median": 9.124038457870483,
        "min": 3.584131956100464,
        "max": 13.46685004234314,
        "count": 102
      },
      "total_time": {
        "mean": 8.116978811282738,
        "std": 3.1924417270697254,
        "median": 9.271029472351074,
        "min": 3.71551513671875,
        "max": 13.622319221496582,
        "count": 102
      }
    }
  },
  "errors": []
}