{
  "dataset_info": {
    "split": "val",
    "total_questions": 94,
    "successful_evaluations": 94,
    "failed_evaluations": 0,
    "timestamp": "2026-01-24T23:40:48.204876"
  },
  "configuration": {
    "alpha": 0.3,
    "enable_curation": true,
    "enable_attribution": true,
    "quality_threshold": 0.1,
    "local_k": 50,
    "final_k": 10
  },
  "statistics": {
    "retrieval": {
      "recall@5": {
        "mean": 0.425531914893617,
        "std": 0.4944234058988192,
        "median": 0.0,
        "min": 0.0,
        "max": 1.0,
        "count": 94
      },
      "recall@10": {
        "mean": 0.425531914893617,
        "std": 0.4944234058988192,
        "median": 0.0,
        "min": 0.0,
        "max": 1.0,
        "count": 94
      },
      "precision@5": {
        "mean": 0.10212765957446807,
        "std": 0.14215568585948993,
        "median": 0.0,
        "min": 0.0,
        "max": 0.8,
        "count": 94
      },
      "precision@10": {
        "mean": 0.05106382978723403,
        "std": 0.07107784292974496,
        "median": 0.0,
        "min": 0.0,
        "max": 0.4,
        "count": 94
      },
      "f1@5": {
        "mean": 0.15978554541117387,
        "std": 0.2016197878556757,
        "median": 0.0,
        "min": 0.0,
        "max": 0.8888888888395062,
        "count": 94
      },
      "f1@10": {
        "mean": 0.08932556804111948,
        "std": 0.11668630077613502,
        "median": 0.0,
        "min": 0.0,
        "max": 0.5714285713877552,
        "count": 94
      },
      "mAP": {
        "mean": 0.23143785883147586,
        "std": 0.3646304035475529,
        "median": 0.0,
        "min": 0.0,
        "max": 1.0,
        "count": 94
      },
      "nDCG@5": {
        "mean": 0.23756771958804196,
        "std": 0.3810797374167261,
        "median": 0.0,
        "min": 0.0,
        "max": 1.0,
        "count": 94
      },
      "nDCG@10": {
        "mean": 0.27827577587395,
        "std": 0.375206589351918,
        "median": 0.0,
        "min": 0.0,
        "max": 1.0,
        "count": 94
      },
      "iou": {
        "mean": 0.06470132900509565,
        "std": 0.0656851517310852,
        "median": 0.04939839853632954,
        "min": 0.0,
        "max": 0.2519804996953079,
        "count": 94
      },
      "temporal_precision": {
        "mean": 0.17506960567577334,
        "std": 0.19353263948757737,
        "median": 0.13262827719254397,
        "min": 0.0,
        "max": 0.9349804941482446,
        "count": 94
      },
      "temporal_recall": {
        "mean": 0.11196498791567724,
        "std": 0.13661968521442822,
        "median": 0.07318238993710705,
        "min": 0.0,
        "max": 0.7980000000000018,
        "count": 94
      },
      "temporal_f1": {
        "mean": 0.11472120176129948,
        "std": 0.11071307293078082,
        "median": 0.09414593327835899,
        "min": 0.0,
        "max": 0.4025310294475543,
        "count": 94
      },
      "correct_video_rate": 0.8404255319148937
    },
    "curation": {
      "pass_rate": {
        "mean": 1.0,
        "std": 0.0,
        "median": 1.0,
        "min": 1.0,
        "max": 1.0,
        "count": 94
      },
      "reduction_rate": {
        "mean": 0.8797872340425535,
        "std": 0.04015869380463164,
        "median": 0.9,
        "min": 0.8,
        "max": 0.9,
        "count": 94
      },
      "avg_conflicts": {
        "mean": 4.053191489361702,
        "std": 2.9728094788220756,
        "median": 4.0,
        "min": 0.0,
        "max": 13.0,
        "count": 94
      }
    },
    "generation": {
      "success_rate": 1.0,
      "confidence": {
        "mean": 0.2735458247426332,
        "std": 0.16681951503120968,
        "median": 0.3,
        "min": 0.0,
        "max": 0.7,
        "count": 94
      },
      "answer_length_words": {
        "mean": 98.30851063829788,
        "std": 73.06933847682882,
        "median": 66.0,
        "min": 20.0,
        "max": 189.0,
        "count": 94
      },
      "cost": {
        "mean": 0.00013142553191489362,
        "std": 6.722909694307143e-05,
        "median": 0.00010372499999999999,
        "min": 0.0,
        "max": 0.00021614999999999997,
        "count": 94
      },
      "tokens_used": {
        "mean": 484.98936170212767,
        "std": 144.4090300913797,
        "median": 478.5,
        "min": 0.0,
        "max": 691.0,
        "count": 94
      }
    },
    "timing": {
      "search_time": {
        "mean": 0.1558690350106422,
        "std": 0.03886393782764039,
        "median": 0.14790582656860352,
        "min": 0.1115729808807373,
        "max": 0.4707329273223877,
        "count": 94
      },
      "generation_time": {
        "mean": 7.453890478357356,
        "std": 3.3989254912393325,
        "median": 6.340890288352966,
        "min": 2.107330083847046,
        "max": 14.312982082366943,
        "count": 94
      },
      "total_time": {
        "mean": 7.609759513367998,
        "std": 3.397870613926358,
        "median": 6.55156934261322,
        "min": 2.2455413341522217,
        "max": 14.457794904708862,
        "count": 94
      }
    }
  },
  "errors": []
}