{
  "dataset_info": {
    "split": "val",
    "total_questions": 94,
    "successful_evaluations": 94,
    "failed_evaluations": 0,
    "timestamp": "2026-02-15T11:51:21.284314"
  },
  "configuration": {
    "alpha": 0.3,
    "enable_curation": false,
    "enable_attribution": false,
    "quality_threshold": 0.1,
    "local_k": 50,
    "final_k": 10
  },
  "statistics": {
    "retrieval": {
      "recall@5": {
        "mean": 0.3829787234042553,
        "std": 0.48611317697003675,
        "median": 0.0,
        "min": 0.0,
        "max": 1.0,
        "count": 94
      },
      "recall@10": {
        "mean": 0.3829787234042553,
        "std": 0.48611317697003675,
        "median": 0.0,
        "min": 0.0,
        "max": 1.0,
        "count": 94
      },
      "precision@5": {
        "mean": 0.09148936170212764,
        "std": 0.1293680009664703,
        "median": 0.0,
        "min": 0.0,
        "max": 0.6,
        "count": 94
      },
      "precision@10": {
        "mean": 0.04574468085106382,
        "std": 0.06468400048323515,
        "median": 0.0,
        "min": 0.0,
        "max": 0.3,
        "count": 94
      },
      "f1@5": {
        "mean": 0.1447568388942401,
        "std": 0.19457425994384536,
        "median": 0.0,
        "min": 0.0,
        "max": 0.7499999999531249,
        "count": 94
      },
      "f1@10": {
        "mean": 0.08066755938383322,
        "std": 0.11054155187975204,
        "median": 0.0,
        "min": 0.0,
        "max": 0.4615384615029585,
        "count": 94
      },
      "mAP": {
        "mean": 0.2808341776426883,
        "std": 0.4073105769491686,
        "median": 0.0,
        "min": 0.0,
        "max": 1.0,
        "count": 94
      },
      "nDCG@5": {
        "mean": 0.29512144039298377,
        "std": 0.4156412852072474,
        "median": 0.0,
        "min": 0.0,
        "max": 1.0,
        "count": 94
      },
      "nDCG@10": {
        "mean": 0.30817853258243993,
        "std": 0.41852696034553816,
        "median": 0.0,
        "min": 0.0,
        "max": 1.0,
        "count": 94
      },
      "iou": {
        "mean": 0.07099585436716524,
        "std": 0.07821090482974218,
        "median": 0.04826189263275339,
        "min": 0.0,
        "max": 0.2997444322745532,
        "count": 94
      },
      "temporal_precision": {
        "mean": 0.17643003136965174,
        "std": 0.19492276199781347,
        "median": 0.11738301666359208,
        "min": 0.0,
        "max": 0.7708628005657711,
        "count": 94
      },
      "temporal_recall": {
        "mean": 0.1177697110939222,
        "std": 0.1449909065524242,
        "median": 0.0828778885495301,
        "min": 0.0,
        "max": 0.7980000000000018,
        "count": 94
      },
      "temporal_f1": {
        "mean": 0.12332705260276403,
        "std": 0.12705261363336276,
        "median": 0.09207912049097061,
        "min": 0.0,
        "max": 0.4612359550561803,
        "count": 94
      },
      "correct_video_rate": 0.7127659574468085
    },
    "curation": {
      "pass_rate": {
        "mean": 0.0,
        "std": 0.0,
        "median": 0.0,
        "min": 0.0,
        "max": 0.0,
        "count": 94
      },
      "reduction_rate": {
        "mean": 0.0,
        "std": 0.0,
        "median": 0.0,
        "min": 0.0,
        "max": 0.0,
        "count": 94
      },
      "avg_conflicts": {
        "mean": 0.0,
        "std": 0.0,
        "median": 0.0,
        "min": 0.0,
        "max": 0.0,
        "count": 94
      }
    },
    "generation": {
      "success_rate": 1.0,
      "confidence": {
        "mean": 0.5834040719762501,
        "std": 0.24849268682050035,
        "median": 0.6741517246117505,
        "min": 0.0,
        "max": 0.8250814414417746,
        "count": 94
      },
      "answer_length_words": {
        "mean": 116.56382978723404,
        "std": 64.07086477481246,
        "median": 152.5,
        "min": 19.0,
        "max": 194.0,
        "count": 94
      },
      "cost": {
        "mean": 0.00016656702127659573,
        "std": 8.472512707033642e-05,
        "median": 0.000218625,
        "min": 0.0,
        "max": 0.00023729999999999997,
        "count": 94
      },
      "tokens_used": {
        "mean": 637.7872340425532,
        "std": 269.9272507326635,
        "median": 784.0,
        "min": 0.0,
        "max": 832.0,
        "count": 94
      }
    },
    "timing": {
      "search_time": {
        "mean": 0.41180909440872515,
        "std": 0.3223184412682332,
        "median": 0.39029645919799805,
        "min": 0.12759971618652344,
        "max": 2.6988747119903564,
        "count": 94
      },
      "generation_time": {
        "mean": 2.878996803405437,
        "std": 1.8188428731849544,
        "median": 3.6198575496673584,
        "min": 8.273124694824219e-05,
        "max": 5.513514041900635,
        "count": 94
      },
      "total_time": {
        "mean": 3.2908058978141623,
        "std": 1.903354466684199,
        "median": 3.9658408164978027,
        "min": 0.13052725791931152,
        "max": 6.0344462394714355,
        "count": 94
      }
    }
  },
  "errors": []
}