{
  "dataset_info": {
    "split": "test",
    "total_questions": 102,
    "successful_evaluations": 102,
    "failed_evaluations": 0,
    "timestamp": "2026-02-15T11:56:39.541303"
  },
  "configuration": {
    "alpha": 0.3,
    "enable_curation": false,
    "enable_attribution": false,
    "quality_threshold": 0.1,
    "local_k": 50,
    "final_k": 10
  },
  "statistics": {
    "retrieval": {
      "recall@5": {
        "mean": 0.4117647058823529,
        "std": 0.4921529567847504,
        "median": 0.0,
        "min": 0.0,
        "max": 1.0,
        "count": 102
      },
      "recall@10": {
        "mean": 0.4117647058823529,
        "std": 0.4921529567847504,
        "median": 0.0,
        "min": 0.0,
        "max": 1.0,
        "count": 102
      },
      "precision@5": {
        "mean": 0.09215686274509803,
        "std": 0.12101391469968215,
        "median": 0.0,
        "min": 0.0,
        "max": 0.6,
        "count": 102
      },
      "precision@10": {
        "mean": 0.046078431372549015,
        "std": 0.06050695734984107,
        "median": 0.0,
        "min": 0.0,
        "max": 0.3,
        "count": 102
      },
      "f1@5": {
        "mean": 0.14834267038948531,
        "std": 0.18576150048841206,
        "median": 0.0,
        "min": 0.0,
        "max": 0.7499999999531249,
        "count": 102
      },
      "f1@10": {
        "mean": 0.0820649938223768,
        "std": 0.10458197760583002,
        "median": 0.0,
        "min": 0.0,
        "max": 0.4615384615029585,
        "count": 102
      },
      "mAP": {
        "mean": 0.2709539371304077,
        "std": 0.399003201741322,
        "median": 0.0,
        "min": 0.0,
        "max": 1.0,
        "count": 102
      },
      "nDCG@5": {
        "mean": 0.2788917839783672,
        "std": 0.4137671580601228,
        "median": 0.0,
        "min": 0.0,
        "max": 1.0,
        "count": 102
      },
      "nDCG@10": {
        "mean": 0.3059496495311545,
        "std": 0.40794085500839344,
        "median": 0.0,
        "min": 0.0,
        "max": 1.0,
        "count": 102
      },
      "iou": {
        "mean": 0.07196987337097932,
        "std": 0.07761746957733066,
        "median": 0.05096192372589346,
        "min": 0.0,
        "max": 0.2948356807511739,
        "count": 102
      },
      "temporal_precision": {
        "mean": 0.17739706669952177,
        "std": 0.19709405508292954,
        "median": 0.11287387043400755,
        "min": 0.0,
        "max": 0.8006121556624399,
        "count": 102
      },
      "temporal_recall": {
        "mean": 0.11569100808782427,
        "std": 0.13062847329528804,
        "median": 0.0859926739926743,
        "min": 0.0,
        "max": 0.7733333333333311,
        "count": 102
      },
      "temporal_f1": {
        "mean": 0.12522105710889306,
        "std": 0.1254420918586355,
        "median": 0.09697588470917604,
        "min": 0.0,
        "max": 0.45540246555475006,
        "count": 102
      },
      "correct_video_rate": 0.7647058823529411
    },
    "curation": {
      "pass_rate": {
        "mean": 0.0,
        "std": 0.0,
        "median": 0.0,
        "min": 0.0,
        "max": 0.0,
        "count": 102
      },
      "reduction_rate": {
        "mean": 0.0,
        "std": 0.0,
        "median": 0.0,
        "min": 0.0,
        "max": 0.0,
        "count": 102
      },
      "avg_conflicts": {
        "mean": 0.0,
        "std": 0.0,
        "median": 0.0,
        "min": 0.0,
        "max": 0.0,
        "count": 102
      }
    },
    "generation": {
      "success_rate": 1.0,
      "confidence": {
        "mean": 0.5758947459448642,
        "std": 0.24369616326568178,
        "median": 0.6328425829590774,
        "min": 0.0,
        "max": 0.8548088800988842,
        "count": 102
      },
      "answer_length_words": {
        "mean": 106.1470588235294,
        "std": 66.44065567590071,
        "median": 151.0,
        "min": 19.0,
        "max": 187.0,
        "count": 102
      },
      "cost": {
        "mean": 0.00015915588235294114,
        "std": 8.368564846803525e-05,
        "median": 0.0002142,
        "min": 0.0,
        "max": 0.00023804999999999999,
        "count": 102
      },
      "tokens_used": {
        "mean": 631.1862745098039,
        "std": 259.87545019784477,
        "median": 774.5,
        "min": 0.0,
        "max": 837.0,
        "count": 102
      }
    },
    "timing": {
      "search_time": {
        "mean": 0.19153092421737372,
        "std": 0.11639205676791049,
        "median": 0.17181646823883057,
        "min": 0.1135721206665039,
        "max": 0.8778150081634521,
        "count": 102
      },
      "generation_time": {
        "mean": 2.710323195831448,
        "std": 1.9544789517468368,
        "median": 3.3345580101013184,
        "min": 7.677078247070312e-05,
        "max": 8.366863250732422,
        "count": 102
      },
      "total_time": {
        "mean": 2.901854120048822,
        "std": 1.9666022383496595,
        "median": 3.4833203554153442,
        "min": 0.11364912986755371,
        "max": 8.56039547920227,
        "count": 102
      }
    }
  },
  "errors": []
}