{
  "dataset_info": {
    "split": "test",
    "total_questions": 102,
    "successful_evaluations": 102,
    "failed_evaluations": 0,
    "timestamp": "2026-02-15T12:52:48.662432"
  },
  "configuration": {
    "alpha": 0.3,
    "enable_curation": false,
    "enable_attribution": false,
    "quality_threshold": 0.1,
    "local_k": 50,
    "final_k": 10
  },
  "statistics": {
    "retrieval": {
      "recall@5": {
        "mean": 0.6568627450980392,
        "std": 0.4747568632471864,
        "median": 1.0,
        "min": 0.0,
        "max": 1.0,
        "count": 102
      },
      "recall@10": {
        "mean": 0.6568627450980392,
        "std": 0.4747568632471864,
        "median": 1.0,
        "min": 0.0,
        "max": 1.0,
        "count": 102
      },
      "precision@5": {
        "mean": 0.23529411764705876,
        "std": 0.23499981594633151,
        "median": 0.2,
        "min": 0.0,
        "max": 1.0,
        "count": 102
      },
      "precision@10": {
        "mean": 0.11764705882352938,
        "std": 0.11749990797316576,
        "median": 0.1,
        "min": 0.0,
        "max": 0.5,
        "count": 102
      },
      "f1@5": {
        "mean": 0.3278089013149564,
        "std": 0.2846500808857458,
        "median": 0.3333333333055556,
        "min": 0.0,
        "max": 0.99999999995,
        "count": 102
      },
      "f1@10": {
        "mean": 0.19213792741622676,
        "std": 0.17604382831933982,
        "median": 0.18181818180165288,
        "min": 0.0,
        "max": 0.6666666666222222,
        "count": 102
      },
      "mAP": {
        "mean": 0.28276597676107484,
        "std": 0.34585075996974707,
        "median": 0.14285714285714285,
        "min": 0.0,
        "max": 1.0,
        "count": 102
      },
      "nDCG@5": {
        "mean": 0.252862333442751,
        "std": 0.37377485611160577,
        "median": 0.0,
        "min": 0.0,
        "max": 1.0,
        "count": 102
      },
      "nDCG@10": {
        "mean": 0.37830384587412325,
        "std": 0.35123194919751216,
        "median": 0.3333333333333333,
        "min": 0.0,
        "max": 1.0,
        "count": 102
      },
      "iou": {
        "mean": 0.0920577412434894,
        "std": 0.08315541993400773,
        "median": 0.08199341711549986,
        "min": 0.0,
        "max": 0.3802442910249599,
        "count": 102
      },
      "temporal_precision": {
        "mean": 0.20773432059660463,
        "std": 0.19649998940281105,
        "median": 0.1572337369000254,
        "min": 0.0,
        "max": 0.7178888369920601,
        "count": 102
      },
      "temporal_recall": {
        "mean": 0.15277610322572896,
        "std": 0.13280522101633044,
        "median": 0.14031250000000073,
        "min": 0.0,
        "max": 0.584489795918367,
        "count": 102
      },
      "temporal_f1": {
        "mean": 0.1586320644493026,
        "std": 0.13150473987984937,
        "median": 0.15155991853826928,
        "min": 0.0,
        "max": 0.5509811465948439,
        "count": 102
      },
      "correct_video_rate": 0.9411764705882353
    },
    "curation": {
      "pass_rate": {
        "mean": 0.0,
        "std": 0.0,
        "median": 0.0,
        "min": 0.0,
        "max": 0.0,
        "count": 102
      },
      "reduction_rate": {
        "mean": 0.0,
        "std": 0.0,
        "median": 0.0,
        "min": 0.0,
        "max": 0.0,
        "count": 102
      },
      "avg_conflicts": {
        "mean": 0.0,
        "std": 0.0,
        "median": 0.0,
        "min": 0.0,
        "max": 0.0,
        "count": 102
      }
    },
    "generation": {
      "success_rate": 1.0,
      "confidence": {
        "mean": 0.4877818174188461,
        "std": 0.29221858135667994,
        "median": 0.5548142531740068,
        "min": 0.0,
        "max": 0.8362617174528293,
        "count": 102
      },
      "answer_length_words": {
        "mean": 104.7843137254902,
        "std": 62.93797560732817,
        "median": 145.0,
        "min": 19.0,
        "max": 186.0,
        "count": 102
      },
      "cost": {
        "mean": 0.00014546617647058824,
        "std": 9.513495578309378e-05,
        "median": 0.000205425,
        "min": 0.0,
        "max": 0.00023684999999999998,
        "count": 102
      },
      "tokens_used": {
        "mean": 561.4803921568628,
        "std": 322.33473438039766,
        "median": 766.0,
        "min": 0.0,
        "max": 829.0,
        "count": 102
      }
    },
    "timing": {
      "search_time": {
        "mean": 0.2651028305876489,
        "std": 0.120756179533838,
        "median": 0.2220909595489502,
        "min": 0.1358339786529541,
        "max": 0.6683173179626465,
        "count": 102
      },
      "generation_time": {
        "mean": 2.652152739319147,
        "std": 2.072808693713829,
        "median": 3.7019494771957397,
        "min": 7.772445678710938e-05,
        "max": 6.915766000747681,
        "count": 102
      },
      "total_time": {
        "mean": 2.917255569906796,
        "std": 2.0753044174184914,
        "median": 3.914445638656616,
        "min": 0.13759589195251465,
        "max": 7.381671905517578,
        "count": 102
      }
    }
  },
  "errors": []
}