{
  "dataset_info": {
    "split": "val",
    "total_questions": 94,
    "successful_evaluations": 94,
    "failed_evaluations": 0,
    "timestamp": "2026-02-15T12:52:18.429195"
  },
  "configuration": {
    "alpha": 0.3,
    "enable_curation": false,
    "enable_attribution": false,
    "quality_threshold": 0.1,
    "local_k": 50,
    "final_k": 10
  },
  "statistics": {
    "retrieval": {
      "recall@5": {
        "mean": 0.5531914893617021,
        "std": 0.49716261470416695,
        "median": 1.0,
        "min": 0.0,
        "max": 1.0,
        "count": 94
      },
      "recall@10": {
        "mean": 0.5531914893617021,
        "std": 0.49716261470416695,
        "median": 1.0,
        "min": 0.0,
        "max": 1.0,
        "count": 94
      },
      "precision@5": {
        "mean": 0.19148936170212766,
        "std": 0.2313970404140004,
        "median": 0.2,
        "min": 0.0,
        "max": 1.2,
        "count": 94
      },
      "precision@10": {
        "mean": 0.09574468085106383,
        "std": 0.1156985202070002,
        "median": 0.1,
        "min": 0.0,
        "max": 0.6,
        "count": 94
      },
      "f1@5": {
        "mean": 0.2682332442777907,
        "std": 0.2807993310164084,
        "median": 0.3333333333055556,
        "min": 0.0,
        "max": 1.090909090859504,
        "count": 94
      },
      "f1@10": {
        "mean": 0.15669879764329256,
        "std": 0.172641658616405,
        "median": 0.18181818180165288,
        "min": 0.0,
        "max": 0.7499999999531249,
        "count": 94
      },
      "mAP": {
        "mean": 0.2717736828774063,
        "std": 0.34960071094601375,
        "median": 0.11805555555555555,
        "min": 0.0,
        "max": 1.0,
        "count": 94
      },
      "nDCG@5": {
        "mean": 0.2675266145881551,
        "std": 0.3699813950105707,
        "median": 0.0,
        "min": 0.0,
        "max": 1.0,
        "count": 94
      },
      "nDCG@10": {
        "mean": 0.347066875075569,
        "std": 0.36986288520864724,
        "median": 0.30824743622485495,
        "min": 0.0,
        "max": 1.0,
        "count": 94
      },
      "iou": {
        "mean": 0.0752408232464912,
        "std": 0.06602091120858129,
        "median": 0.06303344606578609,
        "min": 0.0,
        "max": 0.24280905752753978,
        "count": 94
      },
      "temporal_precision": {
        "mean": 0.18852584006874495,
        "std": 0.2036348024689277,
        "median": 0.13014814329258229,
        "min": 0.0,
        "max": 0.8056288478452073,
        "count": 94
      },
      "temporal_recall": {
        "mean": 0.13305556672087732,
        "std": 0.12741512489016274,
        "median": 0.1198435797665372,
        "min": 0.0,
        "max": 0.6600000000000023,
        "count": 94
      },
      "temporal_f1": {
        "mean": 0.13311215247507405,
        "std": 0.11157941144407878,
        "median": 0.11858702292563389,
        "min": 0.0,
        "max": 0.390742336575157,
        "count": 94
      },
      "correct_video_rate": 0.8723404255319149
    },
    "curation": {
      "pass_rate": {
        "mean": 0.0,
        "std": 0.0,
        "median": 0.0,
        "min": 0.0,
        "max": 0.0,
        "count": 94
      },
      "reduction_rate": {
        "mean": 0.0,
        "std": 0.0,
        "median": 0.0,
        "min": 0.0,
        "max": 0.0,
        "count": 94
      },
      "avg_conflicts": {
        "mean": 0.0,
        "std": 0.0,
        "median": 0.0,
        "min": 0.0,
        "max": 0.0,
        "count": 94
      }
    },
    "generation": {
      "success_rate": 1.0,
      "confidence": {
        "mean": 0.49371193996487606,
        "std": 0.30063210463906215,
        "median": 0.634416497430456,
        "min": 0.0,
        "max": 0.8263807372485978,
        "count": 94
      },
      "answer_length_words": {
        "mean": 110.80851063829788,
        "std": 60.36701166847503,
        "median": 149.5,
        "min": 21.0,
        "max": 184.0,
        "count": 94
      },
      "cost": {
        "mean": 0.00014937606382978724,
        "std": 9.856141560034971e-05,
        "median": 0.000214275,
        "min": 0.0,
        "max": 0.00023715,
        "count": 94
      },
      "tokens_used": {
        "mean": 559.8829787234042,
        "std": 336.8109153352955,
        "median": 782.0,
        "min": 0.0,
        "max": 831.0,
        "count": 94
      }
    },
    "timing": {
      "search_time": {
        "mean": 0.29530358060877376,
        "std": 0.18345723677763284,
        "median": 0.24303722381591797,
        "min": 0.13309407234191895,
        "max": 1.482517957687378,
        "count": 94
      },
      "generation_time": {
        "mean": 2.7374033674280693,
        "std": 2.042916866194995,
        "median": 3.9121254682540894,
        "min": 7.987022399902344e-05,
        "max": 6.522207975387573,
        "count": 94
      },
      "total_time": {
        "mean": 3.0327069480368434,
        "std": 2.0672447189715175,
        "median": 4.111768960952759,
        "min": 0.13318204879760742,
        "max": 6.886215925216675,
        "count": 94
      }
    }
  },
  "errors": []
}