{
  "dataset_info": {
    "split": "test",
    "total_questions": 102,
    "successful_evaluations": 102,
    "failed_evaluations": 0,
    "timestamp": "2026-01-28T13:42:17.406487"
  },
  "configuration": {
    "alpha": 0.3,
    "enable_curation": false,
    "enable_attribution": false,
    "quality_threshold": 0.1,
    "local_k": 50,
    "final_k": 10
  },
  "statistics": {
    "retrieval": {
      "recall@5": {
        "mean": 0.696078431372549,
        "std": 0.45994918061725104,
        "median": 1.0,
        "min": 0.0,
        "max": 1.0,
        "count": 102
      },
      "recall@10": {
        "mean": 0.696078431372549,
        "std": 0.45994918061725104,
        "median": 1.0,
        "min": 0.0,
        "max": 1.0,
        "count": 102
      },
      "precision@5": {
        "mean": 0.2901960784313725,
        "std": 0.2680758613445114,
        "median": 0.2,
        "min": 0.0,
        "max": 1.0,
        "count": 102
      },
      "precision@10": {
        "mean": 0.14509803921568626,
        "std": 0.1340379306722557,
        "median": 0.1,
        "min": 0.0,
        "max": 0.5,
        "count": 102
      },
      "f1@5": {
        "mean": 0.387332710835626,
        "std": 0.3077421232778529,
        "median": 0.3333333333055556,
        "min": 0.0,
        "max": 0.99999999995,
        "count": 102
      },
      "f1@10": {
        "mean": 0.23089655440742432,
        "std": 0.19401452421084056,
        "median": 0.18181818180165288,
        "min": 0.0,
        "max": 0.6666666666222222,
        "count": 102
      },
      "mAP": {
        "mean": 0.40653089013383137,
        "std": 0.3776355898018467,
        "median": 0.325,
        "min": 0.0,
        "max": 1.0,
        "count": 102
      },
      "nDCG@5": {
        "mean": 0.4180985931331274,
        "std": 0.3976515816299131,
        "median": 0.38685280723454163,
        "min": 0.0,
        "max": 1.0,
        "count": 102
      },
      "nDCG@10": {
        "mean": 0.49092861392866066,
        "std": 0.3845329088075401,
        "median": 0.5,
        "min": 0.0,
        "max": 1.0,
        "count": 102
      },
      "iou": {
        "mean": 0.09337847564047545,
        "std": 0.08128919805326706,
        "median": 0.07800665260783365,
        "min": 0.0,
        "max": 0.285377358490566,
        "count": 102
      },
      "temporal_precision": {
        "mean": 0.21730386960876785,
        "std": 0.21137923775275397,
        "median": 0.16936815536438962,
        "min": 0.0,
        "max": 0.8616822429906544,
        "count": 102
      },
      "temporal_recall": {
        "mean": 0.1503941336402082,
        "std": 0.12150499543395701,
        "median": 0.1360869565217394,
        "min": 0.0,
        "max": 0.48400000000000015,
        "count": 102
      },
      "temporal_f1": {
        "mean": 0.16107672775581733,
        "std": 0.13122208181548398,
        "median": 0.14472361427156982,
        "min": 0.0,
        "max": 0.4440366972477064,
        "count": 102
      },
      "correct_video_rate": 0.9705882352941176
    },
    "curation": {
      "pass_rate": {
        "mean": 0.0,
        "std": 0.0,
        "median": 0.0,
        "min": 0.0,
        "max": 0.0,
        "count": 102
      },
      "reduction_rate": {
        "mean": 0.0,
        "std": 0.0,
        "median": 0.0,
        "min": 0.0,
        "max": 0.0,
        "count": 102
      },
      "avg_conflicts": {
        "mean": 0.0,
        "std": 0.0,
        "median": 0.0,
        "min": 0.0,
        "max": 0.0,
        "count": 102
      }
    },
    "generation": {
      "success_rate": 1.0,
      "confidence": {
        "mean": 0.8172843874948231,
        "std": 0.06658941142619668,
        "median": 0.8432636157944187,
        "min": 0.7000000001,
        "max": 0.9,
        "count": 102
      },
      "answer_length_words": {
        "mean": 143.88235294117646,
        "std": 49.41109943529737,
        "median": 161.5,
        "min": 20.0,
        "max": 197.0,
        "count": 102
      },
      "cost": {
        "mean": 0.00021029117647058823,
        "std": 4.500542527849581e-05,
        "median": 0.00023099999999999998,
        "min": 9.75e-05,
        "max": 0.0002385,
        "count": 102
      },
      "tokens_used": {
        "mean": 768.4705882352941,
        "std": 74.98205090871754,
        "median": 799.0,
        "min": 569.0,
        "max": 840.0,
        "count": 102
      }
    },
    "timing": {
      "search_time": {
        "mean": 0.28315869733399035,
        "std": 0.13049147686312002,
        "median": 0.22381508350372314,
        "min": 0.14862608909606934,
        "max": 0.8432719707489014,
        "count": 102
      },
      "generation_time": {
        "mean": 5.487060140160954,
        "std": 1.9608703864229085,
        "median": 5.74188756942749,
        "min": 1.1064708232879639,
        "max": 9.165152788162231,
        "count": 102
      },
      "total_time": {
        "mean": 5.7702188374949435,
        "std": 1.9689452470406796,
        "median": 6.099926233291626,
        "min": 1.3315277099609375,
        "max": 9.323625802993774,
        "count": 102
      }
    }
  },
  "errors": []
}