{
  "dataset_info": {
    "split": "val",
    "total_questions": 94,
    "successful_evaluations": 94,
    "failed_evaluations": 0,
    "timestamp": "2026-01-28T13:28:52.056360"
  },
  "configuration": {
    "alpha": 0.3,
    "enable_curation": false,
    "enable_attribution": false,
    "quality_threshold": 0.1,
    "local_k": 50,
    "final_k": 10
  },
  "statistics": {
    "retrieval": {
      "recall@5": {
        "mean": 0.723404255319149,
        "std": 0.447314809396354,
        "median": 1.0,
        "min": 0.0,
        "max": 1.0,
        "count": 94
      },
      "recall@10": {
        "mean": 0.723404255319149,
        "std": 0.447314809396354,
        "median": 1.0,
        "min": 0.0,
        "max": 1.0,
        "count": 94
      },
      "precision@5": {
        "mean": 0.30000000000000004,
        "std": 0.29714957906822875,
        "median": 0.2,
        "min": 0.0,
        "max": 1.4,
        "count": 94
      },
      "precision@10": {
        "mean": 0.15000000000000002,
        "std": 0.14857478953411438,
        "median": 0.1,
        "min": 0.0,
        "max": 0.7,
        "count": 94
      },
      "f1@5": {
        "mean": 0.3922622885122534,
        "std": 0.3131086557790647,
        "median": 0.3333333333055556,
        "min": 0.0,
        "max": 1.1666666666180556,
        "count": 94
      },
      "f1@10": {
        "mean": 0.23497533961873834,
        "std": 0.20287613334431934,
        "median": 0.18181818180165288,
        "min": 0.0,
        "max": 0.8235294117162629,
        "count": 94
      },
      "mAP": {
        "mean": 0.43328804216722155,
        "std": 0.39025502827387687,
        "median": 0.3055555555555555,
        "min": 0.0,
        "max": 1.0,
        "count": 94
      },
      "nDCG@5": {
        "mean": 0.432895568167461,
        "std": 0.412166784080177,
        "median": 0.40876468265396737,
        "min": 0.0,
        "max": 1.0,
        "count": 94
      },
      "nDCG@10": {
        "mean": 0.518990418738235,
        "std": 0.39115264670165895,
        "median": 0.4957076374216546,
        "min": 0.0,
        "max": 1.0,
        "count": 94
      },
      "iou": {
        "mean": 0.09245115338881912,
        "std": 0.075631514980018,
        "median": 0.09033406014728268,
        "min": 0.0,
        "max": 0.3254035683942226,
        "count": 94
      },
      "temporal_precision": {
        "mean": 0.23069609161069607,
        "std": 0.21668572748227366,
        "median": 0.17745451909835483,
        "min": 0.0,
        "max": 0.9794708029197086,
        "count": 94
      },
      "temporal_recall": {
        "mean": 0.1600763443255687,
        "std": 0.1404148898486452,
        "median": 0.13189709025152102,
        "min": 0.0,
        "max": 0.6600000000000023,
        "count": 94
      },
      "temporal_f1": {
        "mean": 0.160794859758918,
        "std": 0.12257531164525036,
        "median": 0.16569880469803075,
        "min": 0.0,
        "max": 0.491025641025641,
        "count": 94
      },
      "correct_video_rate": 0.9148936170212766
    },
    "curation": {
      "pass_rate": {
        "mean": 0.0,
        "std": 0.0,
        "median": 0.0,
        "min": 0.0,
        "max": 0.0,
        "count": 94
      },
      "reduction_rate": {
        "mean": 0.0,
        "std": 0.0,
        "median": 0.0,
        "min": 0.0,
        "max": 0.0,
        "count": 94
      },
      "avg_conflicts": {
        "mean": 0.0,
        "std": 0.0,
        "median": 0.0,
        "min": 0.0,
        "max": 0.0,
        "count": 94
      }
    },
    "generation": {
      "success_rate": 1.0,
      "confidence": {
        "mean": 0.8201229177321139,
        "std": 0.05656998797312557,
        "median": 0.8449870554332313,
        "min": 0.7000000001,
        "max": 0.9,
        "count": 94
      },
      "answer_length_words": {
        "mean": 147.4787234042553,
        "std": 38.4908744983392,
        "median": 160.0,
        "min": 21.0,
        "max": 189.0,
        "count": 94
      },
      "cost": {
        "mean": 0.00021638936170212766,
        "std": 3.648403532553834e-05,
        "median": 0.00023129999999999998,
        "min": 9.659999999999999e-05,
        "max": 0.00024465,
        "count": 94
      },
      "tokens_used": {
        "mean": 775.063829787234,
        "std": 64.58357747097749,
        "median": 796.5,
        "min": 563.0,
        "max": 881.0,
        "count": 94
      }
    },
    "timing": {
      "search_time": {
        "mean": 0.25162912936920817,
        "std": 0.11453376017827703,
        "median": 0.19816648960113525,
        "min": 0.1639101505279541,
        "max": 0.7087709903717041,
        "count": 94
      },
      "generation_time": {
        "mean": 5.057585713711191,
        "std": 1.3178142467060776,
        "median": 5.251126050949097,
        "min": 1.0250260829925537,
        "max": 8.29639482498169,
        "count": 94
      },
      "total_time": {
        "mean": 5.309214843080399,
        "std": 1.3320635430126286,
        "median": 5.518747568130493,
        "min": 1.3300890922546387,
        "max": 8.498692989349365,
        "count": 94
      }
    }
  },
  "errors": []
}