{
  "dataset_info": {
    "split": "val",
    "total_questions": 94,
    "successful_evaluations": 94,
    "failed_evaluations": 0,
    "timestamp": "2026-02-15T11:13:29.706984"
  },
  "configuration": {
    "alpha": 1.0,
    "enable_curation": true,
    "enable_attribution": true,
    "quality_threshold": 0.1,
    "local_k": 50,
    "final_k": 10
  },
  "statistics": {
    "retrieval": {
      "recall@5": {
        "mean": 0.26595744680851063,
        "std": 0.44184169483606767,
        "median": 0.0,
        "min": 0.0,
        "max": 1.0,
        "count": 94
      },
      "recall@10": {
        "mean": 0.26595744680851063,
        "std": 0.44184169483606767,
        "median": 0.0,
        "min": 0.0,
        "max": 1.0,
        "count": 94
      },
      "precision@5": {
        "mean": 0.06170212765957447,
        "std": 0.11308665758228349,
        "median": 0.0,
        "min": 0.0,
        "max": 0.6,
        "count": 94
      },
      "precision@10": {
        "mean": 0.030851063829787233,
        "std": 0.056543328791141746,
        "median": 0.0,
        "min": 0.0,
        "max": 0.3,
        "count": 94
      },
      "f1@5": {
        "mean": 0.09815096250479637,
        "std": 0.1711800779117841,
        "median": 0.0,
        "min": 0.0,
        "max": 0.7499999999531249,
        "count": 94
      },
      "f1@10": {
        "mean": 0.05455537369947268,
        "std": 0.09690648890401761,
        "median": 0.0,
        "min": 0.0,
        "max": 0.4615384615029585,
        "count": 94
      },
      "mAP": {
        "mean": 0.13970786896318813,
        "std": 0.29749819007605804,
        "median": 0.0,
        "min": 0.0,
        "max": 1.0,
        "count": 94
      },
      "nDCG@5": {
        "mean": 0.1464583094684298,
        "std": 0.31406734176880696,
        "median": 0.0,
        "min": 0.0,
        "max": 1.0,
        "count": 94
      },
      "nDCG@10": {
        "mean": 0.1706066948001863,
        "std": 0.3181146236079265,
        "median": 0.0,
        "min": 0.0,
        "max": 1.0,
        "count": 94
      },
      "iou": {
        "mean": 0.05919484447659626,
        "std": 0.06333717999549396,
        "median": 0.0413672902379523,
        "min": 0.0,
        "max": 0.21805441055234975,
        "count": 94
      },
      "temporal_precision": {
        "mean": 0.15596145051227361,
        "std": 0.18439722205871667,
        "median": 0.10010772383398597,
        "min": 0.0,
        "max": 0.7743324720068905,
        "count": 94
      },
      "temporal_recall": {
        "mean": 0.10609663741164535,
        "std": 0.14377128887634344,
        "median": 0.061791044776119304,
        "min": 0.0,
        "max": 0.7980000000000018,
        "count": 94
      },
      "temporal_f1": {
        "mean": 0.10532616613773288,
        "std": 0.1079699983057026,
        "median": 0.07944796235057207,
        "min": 0.0,
        "max": 0.3580372250423014,
        "count": 94
      },
      "correct_video_rate": 0.6063829787234043
    },
    "curation": {
      "pass_rate": {
        "mean": 1.0,
        "std": 0.0,
        "median": 1.0,
        "min": 1.0,
        "max": 1.0,
        "count": 94
      },
      "reduction_rate": {
        "mean": 0.886170212765958,
        "std": 0.03452123561614456,
        "median": 0.9,
        "min": 0.8,
        "max": 0.9,
        "count": 94
      },
      "avg_conflicts": {
        "mean": 3.9574468085106385,
        "std": 2.774944483312871,
        "median": 3.0,
        "min": 0.0,
        "max": 12.0,
        "count": 94
      }
    },
    "generation": {
      "success_rate": 1.0,
      "confidence": {
        "mean": 0.22335327497561538,
        "std": 0.1676320596533145,
        "median": 0.3,
        "min": 0.0,
        "max": 0.7,
        "count": 94
      },
      "answer_length_words": {
        "mean": 69.53191489361703,
        "std": 62.48433031273565,
        "median": 31.0,
        "min": 18.0,
        "max": 186.0,
        "count": 94
      },
      "cost": {
        "mean": 9.029521276595743e-05,
        "std": 6.950133936760427e-05,
        "median": 6.9525e-05,
        "min": 0.0,
        "max": 0.00021614999999999997,
        "count": 94
      },
      "tokens_used": {
        "mean": 365.4148936170213,
        "std": 206.00441069304483,
        "median": 377.0,
        "min": 0.0,
        "max": 691.0,
        "count": 94
      }
    },
    "timing": {
      "search_time": {
        "mean": 0.1865426834593428,
        "std": 0.15818460220694544,
        "median": 0.16381585597991943,
        "min": 0.12859606742858887,
        "max": 1.650174856185913,
        "count": 94
      },
      "generation_time": {
        "mean": 5.00585827167998,
        "std": 2.638473462595774,
        "median": 3.912418842315674,
        "min": 1.944356918334961,
        "max": 10.889686107635498,
        "count": 94
      },
      "total_time": {
        "mean": 5.192400955139322,
        "std": 2.6643894910352044,
        "median": 4.074759483337402,
        "min": 2.086941957473755,
        "max": 11.018534183502197,
        "count": 94
      }
    }
  },
  "errors": []
}