{
  "dataset_info": {
    "split": "test",
    "total_questions": 102,
    "successful_evaluations": 102,
    "failed_evaluations": 0,
    "timestamp": "2026-02-15T11:27:11.128012"
  },
  "configuration": {
    "alpha": 1.0,
    "enable_curation": true,
    "enable_attribution": true,
    "quality_threshold": 0.1,
    "local_k": 50,
    "final_k": 10
  },
  "statistics": {
    "retrieval": {
      "recall@5": {
        "mean": 0.3333333333333333,
        "std": 0.4714045207910317,
        "median": 0.0,
        "min": 0.0,
        "max": 1.0,
        "count": 102
      },
      "recall@10": {
        "mean": 0.3333333333333333,
        "std": 0.4714045207910317,
        "median": 0.0,
        "min": 0.0,
        "max": 1.0,
        "count": 102
      },
      "precision@5": {
        "mean": 0.07254901960784314,
        "std": 0.1077004403518389,
        "median": 0.0,
        "min": 0.0,
        "max": 0.4,
        "count": 102
      },
      "precision@10": {
        "mean": 0.03627450980392157,
        "std": 0.05385022017591945,
        "median": 0.0,
        "min": 0.0,
        "max": 0.2,
        "count": 102
      },
      "f1@5": {
        "mean": 0.11811391222191656,
        "std": 0.17152844793233504,
        "median": 0.0,
        "min": 0.0,
        "max": 0.5714285713877552,
        "count": 102
      },
      "f1@10": {
        "mean": 0.06506238858595985,
        "std": 0.09529875890871076,
        "median": 0.0,
        "min": 0.0,
        "max": 0.3333333333055556,
        "count": 102
      },
      "mAP": {
        "mean": 0.18634842826019296,
        "std": 0.33965124315436973,
        "median": 0.0,
        "min": 0.0,
        "max": 1.0,
        "count": 102
      },
      "nDCG@5": {
        "mean": 0.1940167401811094,
        "std": 0.35489167900644064,
        "median": 0.0,
        "min": 0.0,
        "max": 1.0,
        "count": 102
      },
      "nDCG@10": {
        "mean": 0.2216001485735321,
        "std": 0.35477032806849534,
        "median": 0.0,
        "min": 0.0,
        "max": 1.0,
        "count": 102
      },
      "iou": {
        "mean": 0.06873132907154605,
        "std": 0.07689131638983279,
        "median": 0.045360337037790424,
        "min": 0.0,
        "max": 0.3591346153846155,
        "count": 102
      },
      "temporal_precision": {
        "mean": 0.17138052572383486,
        "std": 0.1970196340779254,
        "median": 0.11067931333423531,
        "min": 0.0,
        "max": 0.7872832369942201,
        "count": 102
      },
      "temporal_recall": {
        "mean": 0.10719709062790579,
        "std": 0.11132486968617719,
        "median": 0.0776307692307692,
        "min": 0.0,
        "max": 0.4539130434782608,
        "count": 102
      },
      "temporal_f1": {
        "mean": 0.11977950466763093,
        "std": 0.12335240970716342,
        "median": 0.08678074609923082,
        "min": 0.0,
        "max": 0.5284754156349489,
        "count": 102
      },
      "correct_video_rate": 0.5490196078431373
    },
    "curation": {
      "pass_rate": {
        "mean": 1.0,
        "std": 0.0,
        "median": 1.0,
        "min": 1.0,
        "max": 1.0,
        "count": 102
      },
      "reduction_rate": {
        "mean": 0.8676470588235295,
        "std": 0.04883297806044028,
        "median": 0.9,
        "min": 0.7,
        "max": 0.9,
        "count": 102
      },
      "avg_conflicts": {
        "mean": 5.7745098039215685,
        "std": 4.618604455097771,
        "median": 4.0,
        "min": 0.0,
        "max": 21.0,
        "count": 102
      }
    },
    "generation": {
      "success_rate": 1.0,
      "confidence": {
        "mean": 0.2502669987964105,
        "std": 0.15417854992502214,
        "median": 0.3,
        "min": 0.0,
        "max": 0.7375,
        "count": 102
      },
      "answer_length_words": {
        "mean": 93.87254901960785,
        "std": 70.2218712882816,
        "median": 48.0,
        "min": 19.0,
        "max": 191.0,
        "count": 102
      },
      "cost": {
        "mean": 0.00011906323529411764,
        "std": 7.734419282054912e-05,
        "median": 8.984999999999999e-05,
        "min": 0.0,
        "max": 0.0002292,
        "count": 102
      },
      "tokens_used": {
        "mean": 442.9901960784314,
        "std": 217.95104213246657,
        "median": 493.0,
        "min": 0.0,
        "max": 808.0,
        "count": 102
      }
    },
    "timing": {
      "search_time": {
        "mean": 0.24128304509555593,
        "std": 0.22066875620905851,
        "median": 0.159912109375,
        "min": 0.1155099868774414,
        "max": 1.4293038845062256,
        "count": 102
      },
      "generation_time": {
        "mean": 6.400931269514794,
        "std": 3.3588349934189883,
        "median": 4.75688910484314,
        "min": 1.8954780101776123,
        "max": 15.704238176345825,
        "count": 102
      },
      "total_time": {
        "mean": 6.64221431461035,
        "std": 3.448651496448178,
        "median": 5.444329619407654,
        "min": 2.040541887283325,
        "max": 16.110287189483643,
        "count": 102
      }
    }
  },
  "errors": []
}