{
  "dataset_info": {
    "split": "test",
    "total_questions": 102,
    "successful_evaluations": 102,
    "failed_evaluations": 0,
    "timestamp": "2026-01-22T21:53:41.649274"
  },
  "configuration": {
    "alpha": 0.3,
    "enable_curation": false,
    "enable_attribution": false,
    "quality_threshold": 0.1,
    "local_k": 50,
    "final_k": 10
  },
  "statistics": {
    "retrieval": {
      "recall@5": {
        "mean": 0.6470588235294118,
        "std": 0.4778846120374095,
        "median": 1.0,
        "min": 0.0,
        "max": 1.0,
        "count": 102
      },
      "recall@10": {
        "mean": 0.6470588235294118,
        "std": 0.4778846120374095,
        "median": 1.0,
        "min": 0.0,
        "max": 1.0,
        "count": 102
      },
      "precision@5": {
        "mean": 0.15686274509803919,
        "std": 0.13612984280556695,
        "median": 0.2,
        "min": 0.0,
        "max": 0.6,
        "count": 102
      },
      "precision@10": {
        "mean": 0.07843137254901959,
        "std": 0.06806492140278347,
        "median": 0.1,
        "min": 0.0,
        "max": 0.3,
        "count": 102
      },
      "f1@5": {
        "mean": 0.24778244629216314,
        "std": 0.2006692206480894,
        "median": 0.3333333333055556,
        "min": 0.0,
        "max": 0.7499999999531249,
        "count": 102
      },
      "f1@10": {
        "mean": 0.13821472643781596,
        "std": 0.11503961458801237,
        "median": 0.18181818180165288,
        "min": 0.0,
        "max": 0.4615384615029585,
        "count": 102
      },
      "mAP": {
        "mean": 0.3961251167133521,
        "std": 0.4032463409511524,
        "median": 0.25,
        "min": 0.0,
        "max": 1.0,
        "count": 102
      },
      "nDCG@5": {
        "mean": 0.41873673041520904,
        "std": 0.4199400434697747,
        "median": 0.38685280723454163,
        "min": 0.0,
        "max": 1.0,
        "count": 102
      },
      "nDCG@10": {
        "mean": 0.4603962298181153,
        "std": 0.401869172923302,
        "median": 0.43067655807339306,
        "min": 0.0,
        "max": 1.0,
        "count": 102
      },
      "iou": {
        "mean": 0.07508506544848693,
        "std": 0.07032776999963898,
        "median": 0.05640373021881039,
        "min": 0.0,
        "max": 0.2668444693992141,
        "count": 102
      },
      "temporal_precision": {
        "mean": 0.18342603888477435,
        "std": 0.18022738879057879,
        "median": 0.12606509613039393,
        "min": 0.0,
        "max": 0.8004210526315787,
        "count": 102
      },
      "temporal_recall": {
        "mean": 0.1254400160801515,
        "std": 0.12295070401230683,
        "median": 0.09399646330680844,
        "min": 0.0,
        "max": 0.5094117647058826,
        "count": 102
      },
      "temporal_f1": {
        "mean": 0.13208358718715643,
        "std": 0.11642902585166656,
        "median": 0.10678195649877945,
        "min": 0.0,
        "max": 0.421274238227147,
        "count": 102
      },
      "correct_video_rate": 0.9607843137254902
    },
    "curation": {
      "pass_rate": {
        "mean": 0.0,
        "std": 0.0,
        "median": 0.0,
        "min": 0.0,
        "max": 0.0,
        "count": 102
      },
      "reduction_rate": {
        "mean": 0.0,
        "std": 0.0,
        "median": 0.0,
        "min": 0.0,
        "max": 0.0,
        "count": 102
      },
      "avg_conflicts": {
        "mean": 0.0,
        "std": 0.0,
        "median": 0.0,
        "min": 0.0,
        "max": 0.0,
        "count": 102
      }
    },
    "generation": {
      "success_rate": 1.0,
      "confidence": {
        "mean": 0.8269715790555765,
        "std": 0.05984780657886354,
        "median": 0.8482006297370577,
        "min": 0.7000000001,
        "max": 0.9,
        "count": 102
      },
      "answer_length_words": {
        "mean": 131.49019607843138,
        "std": 58.077660160904166,
        "median": 160.0,
        "min": 19.0,
        "max": 187.0,
        "count": 102
      },
      "cost": {
        "mean": 0.0001976970588235294,
        "std": 5.292406455476128e-05,
        "median": 0.0002235,
        "min": 9.765e-05,
        "max": 0.000237,
        "count": 102
      },
      "tokens_used": {
        "mean": 747.1274509803922,
        "std": 87.4063837091453,
        "median": 793.0,
        "min": 570.0,
        "max": 830.0,
        "count": 102
      }
    },
    "timing": {
      "search_time": {
        "mean": 0.2325071470410216,
        "std": 0.1340017398765535,
        "median": 0.17393648624420166,
        "min": 0.12577295303344727,
        "max": 1.016956090927124,
        "count": 102
      },
      "generation_time": {
        "mean": 4.96111877525554,
        "std": 2.048103171707158,
        "median": 5.784527540206909,
        "min": 1.0662457942962646,
        "max": 8.738563776016235,
        "count": 102
      },
      "total_time": {
        "mean": 5.193625922296562,
        "std": 2.0645917470885937,
        "median": 6.047574877738953,
        "min": 1.2280220985412598,
        "max": 8.907951831817627,
        "count": 102
      }
    }
  },
  "errors": []
}