{
  "dataset_info": {
    "split": "val",
    "total_questions": 94,
    "successful_evaluations": 94,
    "failed_evaluations": 0,
    "timestamp": "2026-01-22T21:43:07.532887"
  },
  "configuration": {
    "alpha": 0.3,
    "enable_curation": false,
    "enable_attribution": false,
    "quality_threshold": 0.1,
    "local_k": 50,
    "final_k": 10
  },
  "statistics": {
    "retrieval": {
      "recall@5": {
        "mean": 0.7127659574468085,
        "std": 0.45247170889652644,
        "median": 1.0,
        "min": 0.0,
        "max": 1.0,
        "count": 94
      },
      "recall@10": {
        "mean": 0.7127659574468085,
        "std": 0.45247170889652644,
        "median": 1.0,
        "min": 0.0,
        "max": 1.0,
        "count": 94
      },
      "precision@5": {
        "mean": 0.17446808510638295,
        "std": 0.14942170098791013,
        "median": 0.2,
        "min": 0.0,
        "max": 0.8,
        "count": 94
      },
      "precision@10": {
        "mean": 0.08723404255319148,
        "std": 0.07471085049395507,
        "median": 0.1,
        "min": 0.0,
        "max": 0.4,
        "count": 94
      },
      "f1@5": {
        "mean": 0.27199425867491583,
        "std": 0.20148222157090076,
        "median": 0.3333333333055556,
        "min": 0.0,
        "max": 0.8888888888395062,
        "count": 94
      },
      "f1@10": {
        "mean": 0.152337024664087,
        "std": 0.11917850725314619,
        "median": 0.18181818180165288,
        "min": 0.0,
        "max": 0.5714285713877552,
        "count": 94
      },
      "mAP": {
        "mean": 0.4633295339412361,
        "std": 0.4164445932890655,
        "median": 0.3583333333333333,
        "min": 0.0,
        "max": 1.0,
        "count": 94
      },
      "nDCG@5": {
        "mean": 0.48413114194373,
        "std": 0.427912641042301,
        "median": 0.5,
        "min": 0.0,
        "max": 1.0,
        "count": 94
      },
      "nDCG@10": {
        "mean": 0.5265619618120053,
        "std": 0.40272883948376464,
        "median": 0.5254047970020512,
        "min": 0.0,
        "max": 1.0,
        "count": 94
      },
      "iou": {
        "mean": 0.08098422107992624,
        "std": 0.08079774501921273,
        "median": 0.057016577154001,
        "min": 0.0,
        "max": 0.3518352730528202,
        "count": 94
      },
      "temporal_precision": {
        "mean": 0.20037860611395386,
        "std": 0.20275024696086336,
        "median": 0.12448092060409488,
        "min": 0.0,
        "max": 0.9808510638297877,
        "count": 94
      },
      "temporal_recall": {
        "mean": 0.13542031608430644,
        "std": 0.13994980889694708,
        "median": 0.09414655550680082,
        "min": 0.0,
        "max": 0.7980000000000018,
        "count": 94
      },
      "temporal_f1": {
        "mean": 0.14026067634025868,
        "std": 0.12851647614074238,
        "median": 0.10788205052928093,
        "min": 0.0,
        "max": 0.5205298013245034,
        "count": 94
      },
      "correct_video_rate": 0.9468085106382979
    },
    "curation": {
      "pass_rate": {
        "mean": 0.0,
        "std": 0.0,
        "median": 0.0,
        "min": 0.0,
        "max": 0.0,
        "count": 94
      },
      "reduction_rate": {
        "mean": 0.0,
        "std": 0.0,
        "median": 0.0,
        "min": 0.0,
        "max": 0.0,
        "count": 94
      },
      "avg_conflicts": {
        "mean": 0.0,
        "std": 0.0,
        "median": 0.0,
        "min": 0.0,
        "max": 0.0,
        "count": 94
      }
    },
    "generation": {
      "success_rate": 1.0,
      "confidence": {
        "mean": 0.8398260748280368,
        "std": 0.041371698549483006,
        "median": 0.8470871473319677,
        "min": 0.7000000001,
        "max": 0.9,
        "count": 94
      },
      "answer_length_words": {
        "mean": 138.20212765957447,
        "std": 54.22953183582391,
        "median": 158.5,
        "min": 21.0,
        "max": 191.0,
        "count": 94
      },
      "cost": {
        "mean": 0.00020457287234042554,
        "std": 4.962981026844224e-05,
        "median": 0.00023137499999999997,
        "min": 9.375e-05,
        "max": 0.00024465,
        "count": 94
      },
      "tokens_used": {
        "mean": 754.2127659574468,
        "std": 85.12292392449794,
        "median": 795.0,
        "min": 556.0,
        "max": 881.0,
        "count": 94
      }
    },
    "timing": {
      "search_time": {
        "mean": 0.2193253851951437,
        "std": 0.08359215869593498,
        "median": 0.18168318271636963,
        "min": 0.14736104011535645,
        "max": 0.5350117683410645,
        "count": 94
      },
      "generation_time": {
        "mean": 5.247086258644753,
        "std": 2.001290892583847,
        "median": 5.723926544189453,
        "min": 1.0796139240264893,
        "max": 8.570775032043457,
        "count": 94
      },
      "total_time": {
        "mean": 5.466411643839897,
        "std": 1.9963500199190574,
        "median": 5.957255959510803,
        "min": 1.3046190738677979,
        "max": 8.761468887329102,
        "count": 94
      }
    }
  },
  "errors": []
}