{
  "dataset_info": {
    "split": "val",
    "total_questions": 94,
    "successful_evaluations": 94,
    "failed_evaluations": 0,
    "timestamp": "2026-02-15T11:39:37.501226"
  },
  "configuration": {
    "alpha": 0.3,
    "enable_curation": true,
    "enable_attribution": true,
    "quality_threshold": 0.1,
    "local_k": 50,
    "final_k": 10
  },
  "statistics": {
    "retrieval": {
      "recall@5": {
        "mean": 0.3829787234042553,
        "std": 0.48611317697003675,
        "median": 0.0,
        "min": 0.0,
        "max": 1.0,
        "count": 94
      },
      "recall@10": {
        "mean": 0.3829787234042553,
        "std": 0.48611317697003675,
        "median": 0.0,
        "min": 0.0,
        "max": 1.0,
        "count": 94
      },
      "precision@5": {
        "mean": 0.09148936170212764,
        "std": 0.1293680009664703,
        "median": 0.0,
        "min": 0.0,
        "max": 0.6,
        "count": 94
      },
      "precision@10": {
        "mean": 0.04574468085106382,
        "std": 0.06468400048323515,
        "median": 0.0,
        "min": 0.0,
        "max": 0.3,
        "count": 94
      },
      "f1@5": {
        "mean": 0.1447568388942401,
        "std": 0.19457425994384536,
        "median": 0.0,
        "min": 0.0,
        "max": 0.7499999999531249,
        "count": 94
      },
      "f1@10": {
        "mean": 0.08066755938383322,
        "std": 0.11054155187975204,
        "median": 0.0,
        "min": 0.0,
        "max": 0.4615384615029585,
        "count": 94
      },
      "mAP": {
        "mean": 0.2808341776426883,
        "std": 0.4073105769491686,
        "median": 0.0,
        "min": 0.0,
        "max": 1.0,
        "count": 94
      },
      "nDCG@5": {
        "mean": 0.29512144039298377,
        "std": 0.4156412852072474,
        "median": 0.0,
        "min": 0.0,
        "max": 1.0,
        "count": 94
      },
      "nDCG@10": {
        "mean": 0.30817853258243993,
        "std": 0.41852696034553816,
        "median": 0.0,
        "min": 0.0,
        "max": 1.0,
        "count": 94
      },
      "iou": {
        "mean": 0.07099585436716524,
        "std": 0.07821090482974218,
        "median": 0.04826189263275339,
        "min": 0.0,
        "max": 0.2997444322745532,
        "count": 94
      },
      "temporal_precision": {
        "mean": 0.17643003136965174,
        "std": 0.19492276199781347,
        "median": 0.11738301666359208,
        "min": 0.0,
        "max": 0.7708628005657711,
        "count": 94
      },
      "temporal_recall": {
        "mean": 0.1177697110939222,
        "std": 0.1449909065524242,
        "median": 0.0828778885495301,
        "min": 0.0,
        "max": 0.7980000000000018,
        "count": 94
      },
      "temporal_f1": {
        "mean": 0.12332705260276403,
        "std": 0.12705261363336276,
        "median": 0.09207912049097061,
        "min": 0.0,
        "max": 0.4612359550561803,
        "count": 94
      },
      "correct_video_rate": 0.7127659574468085
    },
    "curation": {
      "pass_rate": {
        "mean": 1.0,
        "std": 0.0,
        "median": 1.0,
        "min": 1.0,
        "max": 1.0,
        "count": 94
      },
      "reduction_rate": {
        "mean": 0.867021276595745,
        "std": 0.04701357402975393,
        "median": 0.9,
        "min": 0.8,
        "max": 0.9,
        "count": 94
      },
      "avg_conflicts": {
        "mean": 3.9574468085106385,
        "std": 3.0209019845672174,
        "median": 3.0,
        "min": 0.0,
        "max": 13.0,
        "count": 94
      }
    },
    "generation": {
      "success_rate": 1.0,
      "confidence": {
        "mean": 0.29401839885882436,
        "std": 0.1978284700768051,
        "median": 0.3,
        "min": 0.0,
        "max": 0.775,
        "count": 94
      },
      "answer_length_words": {
        "mean": 104.52127659574468,
        "std": 69.33555913146176,
        "median": 125.5,
        "min": 19.0,
        "max": 190.0,
        "count": 94
      },
      "cost": {
        "mean": 0.00012927925531914893,
        "std": 7.697227063896317e-05,
        "median": 0.00016094999999999998,
        "min": 0.0,
        "max": 0.00021854999999999997,
        "count": 94
      },
      "tokens_used": {
        "mean": 462.25531914893617,
        "std": 212.5958074970522,
        "median": 531.5,
        "min": 0.0,
        "max": 707.0,
        "count": 94
      }
    },
    "timing": {
      "search_time": {
        "mean": 0.5671891227681586,
        "std": 0.7662921275503539,
        "median": 0.2218029499053955,
        "min": 0.1496281623840332,
        "max": 4.8343846797943115,
        "count": 94
      },
      "generation_time": {
        "mean": 10.377308744065305,
        "std": 8.722147972916934,
        "median": 9.062003135681152,
        "min": 2.149405002593994,
        "max": 47.852638244628906,
        "count": 94
      },
      "total_time": {
        "mean": 10.944497866833464,
        "std": 9.018980631472747,
        "median": 9.46553373336792,
        "min": 2.3234071731567383,
        "max": 49.072978258132935,
        "count": 94
      }
    }
  },
  "errors": []
}