{
  "dataset_info": {
    "split": "test",
    "total_questions": 102,
    "successful_evaluations": 102,
    "failed_evaluations": 0,
    "timestamp": "2026-02-15T11:44:36.691960"
  },
  "configuration": {
    "alpha": 0.3,
    "enable_curation": true,
    "enable_attribution": true,
    "quality_threshold": 0.1,
    "local_k": 50,
    "final_k": 10
  },
  "statistics": {
    "retrieval": {
      "recall@5": {
        "mean": 0.4117647058823529,
        "std": 0.4921529567847504,
        "median": 0.0,
        "min": 0.0,
        "max": 1.0,
        "count": 102
      },
      "recall@10": {
        "mean": 0.4117647058823529,
        "std": 0.4921529567847504,
        "median": 0.0,
        "min": 0.0,
        "max": 1.0,
        "count": 102
      },
      "precision@5": {
        "mean": 0.09215686274509803,
        "std": 0.12101391469968215,
        "median": 0.0,
        "min": 0.0,
        "max": 0.6,
        "count": 102
      },
      "precision@10": {
        "mean": 0.046078431372549015,
        "std": 0.06050695734984107,
        "median": 0.0,
        "min": 0.0,
        "max": 0.3,
        "count": 102
      },
      "f1@5": {
        "mean": 0.14834267038948531,
        "std": 0.18576150048841206,
        "median": 0.0,
        "min": 0.0,
        "max": 0.7499999999531249,
        "count": 102
      },
      "f1@10": {
        "mean": 0.0820649938223768,
        "std": 0.10458197760583002,
        "median": 0.0,
        "min": 0.0,
        "max": 0.4615384615029585,
        "count": 102
      },
      "mAP": {
        "mean": 0.2709539371304077,
        "std": 0.399003201741322,
        "median": 0.0,
        "min": 0.0,
        "max": 1.0,
        "count": 102
      },
      "nDCG@5": {
        "mean": 0.2788917839783672,
        "std": 0.4137671580601228,
        "median": 0.0,
        "min": 0.0,
        "max": 1.0,
        "count": 102
      },
      "nDCG@10": {
        "mean": 0.3059496495311545,
        "std": 0.40794085500839344,
        "median": 0.0,
        "min": 0.0,
        "max": 1.0,
        "count": 102
      },
      "iou": {
        "mean": 0.07196987337097932,
        "std": 0.07761746957733066,
        "median": 0.05096192372589346,
        "min": 0.0,
        "max": 0.2948356807511739,
        "count": 102
      },
      "temporal_precision": {
        "mean": 0.17739706669952177,
        "std": 0.19709405508292954,
        "median": 0.11287387043400755,
        "min": 0.0,
        "max": 0.8006121556624399,
        "count": 102
      },
      "temporal_recall": {
        "mean": 0.11569100808782427,
        "std": 0.13062847329528804,
        "median": 0.0859926739926743,
        "min": 0.0,
        "max": 0.7733333333333311,
        "count": 102
      },
      "temporal_f1": {
        "mean": 0.12522105710889306,
        "std": 0.1254420918586355,
        "median": 0.09697588470917604,
        "min": 0.0,
        "max": 0.45540246555475006,
        "count": 102
      },
      "correct_video_rate": 0.7647058823529411
    },
    "curation": {
      "pass_rate": {
        "mean": 0.9990196078431373,
        "std": 0.009852819236393027,
        "median": 1.0,
        "min": 0.9,
        "max": 1.0,
        "count": 102
      },
      "reduction_rate": {
        "mean": 0.8529411764705885,
        "std": 0.04991341984846216,
        "median": 0.9,
        "min": 0.8,
        "max": 0.9,
        "count": 102
      },
      "avg_conflicts": {
        "mean": 5.598039215686274,
        "std": 4.777930891746475,
        "median": 4.0,
        "min": 0.0,
        "max": 19.0,
        "count": 102
      }
    },
    "generation": {
      "success_rate": 1.0,
      "confidence": {
        "mean": 0.27799090887326183,
        "std": 0.18115223940672948,
        "median": 0.3,
        "min": 0.0,
        "max": 0.75,
        "count": 102
      },
      "answer_length_words": {
        "mean": 107.75490196078431,
        "std": 70.22993555827743,
        "median": 153.5,
        "min": 20.0,
        "max": 192.0,
        "count": 102
      },
      "cost": {
        "mean": 0.0001356970588235294,
        "std": 7.700647980868851e-05,
        "median": 0.0001707,
        "min": 0.0,
        "max": 0.00021915,
        "count": 102
      },
      "tokens_used": {
        "mean": 489.47058823529414,
        "std": 211.60399130202646,
        "median": 559.0,
        "min": 0.0,
        "max": 711.0,
        "count": 102
      }
    },
    "timing": {
      "search_time": {
        "mean": 0.617044023438996,
        "std": 0.5819378946438544,
        "median": 0.2742893695831299,
        "min": 0.14433908462524414,
        "max": 2.7478010654449463,
        "count": 102
      },
      "generation_time": {
        "mean": 11.601042036916695,
        "std": 9.170461316139082,
        "median": 9.842097997665405,
        "min": 2.1954920291900635,
        "max": 52.23843312263489,
        "count": 102
      },
      "total_time": {
        "mean": 12.218086060355692,
        "std": 9.523890705583032,
        "median": 9.997825980186462,
        "min": 2.3460381031036377,
        "max": 54.986234188079834,
        "count": 102
      }
    }
  },
  "errors": []
}