{
  "dataset_info": {
    "split": "test",
    "total_questions": 102,
    "successful_evaluations": 102,
    "failed_evaluations": 0,
    "timestamp": "2026-01-20T02:15:28.510097"
  },
  "configuration": {
    "alpha": 0.7,
    "enable_curation": true,
    "enable_attribution": true,
    "quality_threshold": 0.1,
    "local_k": 50,
    "final_k": 10
  },
  "statistics": {
    "retrieval": {
      "recall@5": {
        "mean": 0.5588235294117647,
        "std": 0.4965277357686509,
        "median": 1.0,
        "min": 0.0,
        "max": 1.0,
        "count": 102
      },
      "recall@10": {
        "mean": 0.5588235294117647,
        "std": 0.4965277357686509,
        "median": 1.0,
        "min": 0.0,
        "max": 1.0,
        "count": 102
      },
      "precision@5": {
        "mean": 0.13725490196078427,
        "std": 0.13997308468686076,
        "median": 0.2,
        "min": 0.0,
        "max": 0.6,
        "count": 102
      },
      "precision@10": {
        "mean": 0.06862745098039214,
        "std": 0.06998654234343038,
        "median": 0.1,
        "min": 0.0,
        "max": 0.3,
        "count": 102
      },
      "f1@5": {
        "mean": 0.21603641454871017,
        "std": 0.20754919160235707,
        "median": 0.3333333333055556,
        "min": 0.0,
        "max": 0.7499999999531249,
        "count": 102
      },
      "f1@10": {
        "mean": 0.12068650302880833,
        "std": 0.11870170281501514,
        "median": 0.18181818180165288,
        "min": 0.0,
        "max": 0.4615384615029585,
        "count": 102
      },
      "mAP": {
        "mean": 0.3564464674758792,
        "std": 0.4068797781984925,
        "median": 0.15476190476190477,
        "min": 0.0,
        "max": 1.0,
        "count": 102
      },
      "nDCG@5": {
        "mean": 0.3714018300165302,
        "std": 0.4246662057703315,
        "median": 0.0,
        "min": 0.0,
        "max": 1.0,
        "count": 102
      },
      "nDCG@10": {
        "mean": 0.4099328935509936,
        "std": 0.4142227634190481,
        "median": 0.34477026022067775,
        "min": 0.0,
        "max": 1.0,
        "count": 102
      },
      "iou": {
        "mean": 0.06709391625953727,
        "std": 0.06500042800813809,
        "median": 0.056438296352681966,
        "min": 0.0,
        "max": 0.2935344827586208,
        "count": 102
      },
      "temporal_precision": {
        "mean": 0.17061430756943938,
        "std": 0.1835191052207128,
        "median": 0.11194226916772879,
        "min": 0.0,
        "max": 0.868253293667658,
        "count": 102
      },
      "temporal_recall": {
        "mean": 0.10855882913382459,
        "std": 0.10085783088051813,
        "median": 0.08791836734693906,
        "min": 0.0,
        "max": 0.3715151515151517,
        "count": 102
      },
      "temporal_f1": {
        "mean": 0.11916618787786663,
        "std": 0.10840132855313467,
        "median": 0.1068449162909048,
        "min": 0.0,
        "max": 0.4538487170943021,
        "count": 102
      },
      "correct_video_rate": 0.8921568627450981
    },
    "curation": {
      "pass_rate": {
        "mean": 1.0,
        "std": 0.0,
        "median": 1.0,
        "min": 1.0,
        "max": 1.0,
        "count": 102
      },
      "reduction_rate": {
        "mean": 0.8519607843137258,
        "std": 0.05188673969568329,
        "median": 0.9,
        "min": 0.7,
        "max": 0.9,
        "count": 102
      },
      "avg_conflicts": {
        "mean": 3.872549019607843,
        "std": 4.315206964857869,
        "median": 2.0,
        "min": 0.0,
        "max": 22.0,
        "count": 102
      }
    },
    "generation": {
      "success_rate": 1.0,
      "confidence": {
        "mean": 0.32428551024139257,
        "std": 0.15941832985896603,
        "median": 0.3,
        "min": 0.0,
        "max": 0.7999999999999999,
        "count": 102
      },
      "answer_length_words": {
        "mean": 121.40196078431373,
        "std": 68.24771199266505,
        "median": 163.5,
        "min": 20.0,
        "max": 193.0,
        "count": 102
      },
      "cost": {
        "mean": 0.00015888529411764706,
        "std": 6.072984479185589e-05,
        "median": 0.000195375,
        "min": 6.555e-05,
        "max": 0.00023189999999999997,
        "count": 102
      },
      "tokens_used": {
        "mean": 562.3823529411765,
        "std": 118.23381986204093,
        "median": 591.5,
        "min": 368.0,
        "max": 796.0,
        "count": 102
      }
    },
    "timing": {
      "search_time": {
        "mean": 0.14503626963671515,
        "std": 0.04204789850683306,
        "median": 0.14087152481079102,
        "min": 0.1093597412109375,
        "max": 0.43921613693237305,
        "count": 102
      },
      "generation_time": {
        "mean": 8.210987794633006,
        "std": 3.180733733027773,
        "median": 9.12139105796814,
        "min": 3.6909077167510986,
        "max": 16.712336778640747,
        "count": 102
      },
      "total_time": {
        "mean": 8.35602406426972,
        "std": 3.1771147276757414,
        "median": 9.2501859664917,
        "min": 3.8331568241119385,
        "max": 16.851577758789062,
        "count": 102
      }
    }
  },
  "errors": []
}