{
  "dataset_info": {
    "split": "val",
    "total_questions": 94,
    "successful_evaluations": 94,
    "failed_evaluations": 0,
    "timestamp": "2026-01-20T01:59:18.009469"
  },
  "configuration": {
    "alpha": 0.7,
    "enable_curation": true,
    "enable_attribution": true,
    "quality_threshold": 0.1,
    "local_k": 50,
    "final_k": 10
  },
  "statistics": {
    "retrieval": {
      "recall@5": {
        "mean": 0.6702127659574468,
        "std": 0.47013574029753946,
        "median": 1.0,
        "min": 0.0,
        "max": 1.0,
        "count": 94
      },
      "recall@10": {
        "mean": 0.6702127659574468,
        "std": 0.47013574029753946,
        "median": 1.0,
        "min": 0.0,
        "max": 1.0,
        "count": 94
      },
      "precision@5": {
        "mean": 0.1638297872340425,
        "std": 0.15148278733044734,
        "median": 0.2,
        "min": 0.0,
        "max": 0.8,
        "count": 94
      },
      "precision@10": {
        "mean": 0.08191489361702126,
        "std": 0.07574139366522367,
        "median": 0.1,
        "min": 0.0,
        "max": 0.4,
        "count": 94
      },
      "f1@5": {
        "mean": 0.25527693344827307,
        "std": 0.2058878830900856,
        "median": 0.3333333333055556,
        "min": 0.0,
        "max": 0.8888888888395062,
        "count": 94
      },
      "f1@10": {
        "mean": 0.1429882174437624,
        "std": 0.12135643553100489,
        "median": 0.18181818180165288,
        "min": 0.0,
        "max": 0.5714285713877552,
        "count": 94
      },
      "mAP": {
        "mean": 0.45879981425194194,
        "std": 0.4305700182029654,
        "median": 0.3333333333333333,
        "min": 0.0,
        "max": 1.0,
        "count": 94
      },
      "nDCG@5": {
        "mean": 0.4796656265963845,
        "std": 0.4346332588005476,
        "median": 0.5,
        "min": 0.0,
        "max": 1.0,
        "count": 94
      },
      "nDCG@10": {
        "mean": 0.5131164323013824,
        "std": 0.4205572179352528,
        "median": 0.5,
        "min": 0.0,
        "max": 1.0,
        "count": 94
      },
      "iou": {
        "mean": 0.07851172546233441,
        "std": 0.07161699122385592,
        "median": 0.05840263345535019,
        "min": 0.0,
        "max": 0.28614916286149145,
        "count": 94
      },
      "temporal_precision": {
        "mean": 0.19610657673065426,
        "std": 0.1861727920720377,
        "median": 0.13585641238123064,
        "min": 0.0,
        "max": 0.8906504065040652,
        "count": 94
      },
      "temporal_recall": {
        "mean": 0.13615998250667896,
        "std": 0.14115415136374637,
        "median": 0.10373067993366522,
        "min": 0.0,
        "max": 0.7980000000000018,
        "count": 94
      },
      "temporal_f1": {
        "mean": 0.1378456662340749,
        "std": 0.11695239235984065,
        "median": 0.11035931626618485,
        "min": 0.0,
        "max": 0.4449704142011832,
        "count": 94
      },
      "correct_video_rate": 0.9148936170212766
    },
    "curation": {
      "pass_rate": {
        "mean": 1.0,
        "std": 0.0,
        "median": 1.0,
        "min": 1.0,
        "max": 1.0,
        "count": 94
      },
      "reduction_rate": {
        "mean": 0.8670212765957447,
        "std": 0.04701357402975394,
        "median": 0.9,
        "min": 0.8,
        "max": 0.9,
        "count": 94
      },
      "avg_conflicts": {
        "mean": 3.776595744680851,
        "std": 2.8365181507539066,
        "median": 3.0,
        "min": 0.0,
        "max": 14.0,
        "count": 94
      }
    },
    "generation": {
      "success_rate": 1.0,
      "confidence": {
        "mean": 0.3592876036493057,
        "std": 0.14734017430863366,
        "median": 0.3,
        "min": 0.0,
        "max": 0.775,
        "count": 94
      },
      "answer_length_words": {
        "mean": 125.87234042553192,
        "std": 66.36588364170017,
        "median": 161.0,
        "min": 21.0,
        "max": 195.0,
        "count": 94
      },
      "cost": {
        "mean": 0.00016234787234042556,
        "std": 6.02665404659035e-05,
        "median": 0.00019717499999999998,
        "min": 6.48e-05,
        "max": 0.0002184,
        "count": 94
      },
      "tokens_used": {
        "mean": 554.9574468085107,
        "std": 118.37794817768135,
        "median": 588.5,
        "min": 357.0,
        "max": 706.0,
        "count": 94
      }
    },
    "timing": {
      "search_time": {
        "mean": 0.14630232212391306,
        "std": 0.036389743571701355,
        "median": 0.14422762393951416,
        "min": 0.10933399200439453,
        "max": 0.47109103202819824,
        "count": 94
      },
      "generation_time": {
        "mean": 8.670463072492721,
        "std": 3.312495768552556,
        "median": 9.738879084587097,
        "min": 3.4892868995666504,
        "max": 22.376901149749756,
        "count": 94
      },
      "total_time": {
        "mean": 8.816765394616635,
        "std": 3.317683611499811,
        "median": 9.891855597496033,
        "min": 3.6373908519744873,
        "max": 22.500243186950684,
        "count": 94
      }
    }
  },
  "errors": []
}